time,home,away,home_score,away_score
19.11. 14:30,Big Bullets,Dedza Dynamos,2,1,2022
19.11. 14:30,Blue Eagles,MAFCO,1,1,2022
19.11. 14:30,Red Lions,Mighty Wanderers,0,1,2022
16.11. 14:30,Big Bullets,Karonga United,4,1,2022
16.11. 14:30,Blue Eagles,TN Stars,5,0,2022
16.11. 14:30,Dedza Dynamos,Red Lions,0,0,2022
16.11. 14:30,Sable Farming,Mighty Wanderers,0,1,2022
13.11. 14:30,Ekwendeni Hammers,Kamuzu Barracks,1,0,2022
13.11. 14:30,Mighty Wanderers,Civo Utd,3,4,2022
12.11. 14:30,Big Bullets,Moyale Barracks,3,1,2022
12.11. 14:30,TN Stars,Karonga United,2,2,2022
09.11. 14:30,Kamuzu Barracks,TN Stars,2,0,2022
09.11. 14:30,MAFCO,Karonga United,5,0,2022
09.11. 14:30,Mighty Tigers,Big Bullets,0,2,2022
09.11. 14:30,Mighty Wanderers,Moyale Barracks,0,1,2022
06.11. 14:30,Silver Strikers,Sable Farming,2,1,2022
05.11. 14:30,Blue Eagles,Sable Farming,1,0,2022
05.11. 14:30,Moyale Barracks,Kamuzu Barracks,0,2,2022
02.11. 14:30,Civo Utd,Dedza Dynamos,0,0,2022
30.10. 14:30,Kamuzu Barracks,Silver Strikers,1,2,2022
30.10. 14:30,Karonga United,Red Lions,3,2,2022
30.10. 14:30,MAFCO,Big Bullets,1,0,2022
30.10. 14:30,Moyale Barracks,TN Stars,1,0,2022
29.10. 14:30,Blue Eagles,Mighty Wanderers,1,0,2022
29.10. 14:30,Civo Utd,Ekwendeni Hammers,1,0,2022
28.10. 14:30,Rumphi United,Red Lions,0,2,2022
23.10. 14:30,Blue Eagles,Dedza Dynamos,4,0,2022
23.10. 14:30,Moyale Barracks,Silver Strikers,0,1,2022
23.10. 14:30,TN Stars,Sable Farming,1,2,2022
22.10. 14:30,Karonga United,Mighty Wanderers,2,3,2022
22.10. 14:30,MAFCO,Sable Farming,2,0,2022
19.10. 14:30,Kamuzu Barracks,Blue Eagles,1,0,2022
19.10. 14:30,Sable Farming,Big Bullets,1,5,2022
17.10. 14:30,Civo Utd,Mighty Tigers,2,0,2022
17.10. 14:30,Dedza Dynamos,Silver Strikers,0,1,2022
16.10. 14:30,Mighty Wanderers,Ekwendeni Hammers,2,1,2022
16.10. 14:30,TN Stars,Rumphi United,2,0,2022
15.10. 14:30,Big Bullets,Blue Eagles,1,1,2022
15.10. 14:30,Civo Utd,Rumphi United,2,1,2022
15.10. 14:30,Dedza Dynamos,MAFCO,1,0,2022
15.10. 14:30,Silver Strikers,Mighty Tigers,0,1,2022
12.10. 14:30,Mighty Wanderers,Rumphi United,10,0,2022
09.10. 14:30,Dedza Dynamos,Moyale Barracks,1,1,2022
09.10. 14:30,Ekwendeni Hammers,Blue Eagles,1,0,2022
09.10. 14:30,Mighty Tigers,Karonga United,1,1,2022
09.10. 14:30,Silver Strikers,Big Bullets,2,2,2022
09.10. 14:30,TN Stars,MAFCO,2,2,2022
08.10. 14:30,Kamuzu Barracks,Mighty Wanderers,0,0,2022
08.10. 14:30,Red Lions,Moyale Barracks,0,1,2022
08.10. 14:30,Sable Farming,Karonga United,1,0,2022
07.10. 14:30,Rumphi United,Blue Eagles,0,2,2022
05.10. 14:30,Civo Utd,TN Stars,3,0,2022
02.10. 14:30,Big Bullets,Civo Utd,1,1,2022
02.10. 14:30,Dedza Dynamos,Mighty Tigers,1,0,2022
02.10. 14:30,Ekwendeni Hammers,Karonga United,4,0,2022
02.10. 14:30,Sable Farming,Kamuzu Barracks,0,2,2022
01.10. 14:30,Mighty Wanderers,MAFCO,1,0,2022
01.10. 14:30,Moyale Barracks,Rumphi United,3,1,2022
01.10. 14:30,Silver Strikers,Blue Eagles,0,1,2022
28.09. 14:30,Big Bullets,Red Lions,3,1,2022
25.09. 14:30,Blue Eagles,Red Lions,2,0,2022
25.09. 14:30,Civo Utd,Moyale Barracks,2,2,2022
25.09. 14:30,Sable Farming,Rumphi United,2,0,2022
25.09. 14:30,Silver Strikers,Karonga United,0,0,2022
25.09. 14:30,TN Stars,Ekwendeni Hammers,0,1,2022
24.09. 14:30,Kamuzu Barracks,MAFCO,0,0,2022
24.09. 14:30,Mighty Tigers,Rumphi United,5,0,2022
18.09. 14:30,Ekwendeni Hammers,Dedza Dynamos,4,0,2022
18.09. 14:30,Mighty Tigers,Kamuzu Barracks,0,1,2022
18.09. 14:30,Mighty Wanderers,Silver Strikers,1,0,2022
18.09. 14:30,Red Lions,Sable Farming,2,0,2022
17.09. 14:30,Karonga United,Dedza Dynamos,2,0,2022
14.09. 14:30,Kamuzu Barracks,Dedza Dynamos,2,0,2022
11.09. 14:30,Dedza Dynamos,Mighty Wanderers,2,2,2022
11.09. 14:30,Moyale Barracks,Sable Farming,1,0,2022
11.09. 14:30,TN Stars,Silver Strikers,1,3,2022
10.09. 14:30,Ekwendeni Hammers,Sable Farming,2,0,2022
10.09. 14:30,Karonga United,Civo Utd,0,1,2022
10.09. 14:30,MAFCO,Mighty Tigers,1,1,2022
10.09. 14:30,Red Lions,Kamuzu Barracks,0,1,2022
04.09. 14:30,Kamuzu Barracks,Rumphi United,5,2,2022
04.09. 14:30,Karonga United,Moyale Barracks,0,1,2022
04.09. 14:30,Red Lions,Ekwendeni Hammers,2,2,2022
03.09. 14:30,Dedza Dynamos,Rumphi United,1,0,2022
03.09. 14:30,MAFCO,Civo Utd,2,1,2022
03.09. 14:30,Mighty Tigers,Ekwendeni Hammers,3,1,2022
28.08. 14:30,Big Bullets,TN Stars,8,0,2022
28.08. 14:30,Civo Utd,Blue Eagles,0,0,2022
28.08. 14:30,Moyale Barracks,Ekwendeni Hammers,2,1,2022
28.08. 14:30,Silver Strikers,Red Lions,2,1,2022
27.08. 14:30,Mighty Tigers,TN Stars,2,0,2022
21.08. 14:30,Moyale Barracks,MAFCO,2,1,2022
21.08. 14:30,Rumphi United,Silver Strikers,0,1,2022
20.08. 14:30,Red Lions,Mighty Tigers,1,1,2022
19.08. 14:30,Ekwendeni Hammers,Silver Strikers,1,1,2022
14.08. 14:30,Kamuzu Barracks,Karonga United,1,0,2022
14.08. 14:30,Mighty Wanderers,Big Bullets,3,3,2022
14.08. 14:30,Rumphi United,MAFCO,1,3,2022
14.08. 14:30,TN Stars,Dedza Dynamos,0,3,2022
13.08. 14:30,Mighty Tigers,Blue Eagles,0,1,2022
13.08. 14:30,Sable Farming,Civo Utd,2,2,2022
07.08. 14:30,Civo Utd,Silver Strikers,1,1,2022
07.08. 14:30,Red Lions,MAFCO,0,1,2022
06.08. 14:30,Karonga United,Rumphi United,4,0,2022
06.08. 14:30,Mighty Tigers,Sable Farming,0,2,2022
03.08. 14:30,Ekwendeni Hammers,Big Bullets,0,2,2022
03.08. 14:30,Kamuzu Barracks,Civo Utd,1,1,2022
03.08. 14:30,Red Lions,TN Stars,4,2,2022
31.07. 14:30,Mighty Wanderers,Mighty Tigers,0,0,2022
31.07. 14:30,Rumphi United,Big Bullets,1,3,2022
30.07. 14:30,Blue Eagles,Moyale Barracks,1,0,2022
30.07. 14:30,MAFCO,Ekwendeni Hammers,5,1,2022
24.07. 14:30,Civo Utd,Red Lions,2,0,2022
24.07. 14:30,Karonga United,Blue Eagles,0,1,2022
24.07. 14:30,Rumphi United,Ekwendeni Hammers,0,0,2022
24.07. 14:30,Sable Farming,Dedza Dynamos,1,2,2022
24.07. 14:30,TN Stars,Mighty Wanderers,0,2,2022
23.07. 14:30,Big Bullets,Kamuzu Barracks,1,1,2022
23.07. 14:30,Moyale Barracks,Mighty Tigers,3,1,2022
23.07. 14:30,Silver Strikers,MAFCO,1,3,2022
10.07. 14:30,Dedza Dynamos,Civo Utd,2,1,2022
10.07. 14:30,Karonga United,Ekwendeni Hammers,1,0,2022
10.07. 14:30,Rumphi United,Moyale Barracks,1,5,2022
10.07. 14:30,TN Stars,Blue Eagles,1,0,2022
09.07. 14:30,Sable Farming,MAFCO,0,2,2022
08.07. 14:30,Kamuzu Barracks,Red Lions,1,0,2022
03.07. 14:30,Red Lions,Dedza Dynamos,0,0,2022
03.07. 14:30,Rumphi United,Kamuzu Barracks,0,2,2022
02.07. 14:30,MAFCO,Silver Strikers,0,2,2022
02.07. 14:30,Mighty Wanderers,Karonga United,3,0,2022
01.07. 14:30,Big Bullets,Sable Farming,1,0,2022
29.06. 14:30,Silver Strikers,TN Stars,4,1,2022
28.06. 14:30,Civo Utd,Mighty Wanderers,0,0,2022
26.06. 14:30,Dedza Dynamos,Ekwendeni Hammers,3,2,2022
26.06. 14:30,Kamuzu Barracks,Big Bullets,0,1,2022
26.06. 14:30,Karonga United,Sable Farming,1,1,2022
25.06. 14:30,Blue Eagles,Ekwendeni Hammers,1,1,2022
25.06. 14:30,MAFCO,Mighty Wanderers,1,1,2022
25.06. 14:30,Mighty Tigers,Silver Strikers,0,1,2022
25.06. 14:30,Moyale Barracks,Red Lions,1,2,2022
22.06. 14:30,Dedza Dynamos,Sable Farming,2,1,2022
19.06. 14:30,Kamuzu Barracks,Sable Farming,1,1,2022
19.06. 14:30,MAFCO,Dedza Dynamos,2,0,2022
19.06. 14:30,Mighty Wanderers,Blue Eagles,1,1,2022
19.06. 14:30,Rumphi United,Karonga United,0,1,2022
19.06. 14:30,TN Stars,Civo Utd,2,2,2022
18.06. 14:30,Big Bullets,Mighty Tigers,5,0,2022
18.06. 14:30,Ekwendeni Hammers,Red Lions,0,0,2022
18.06. 14:30,Silver Strikers,Moyale Barracks,0,0,2022
15.06. 14:30,Sable Farming,Mighty Tigers,2,0,2022
29.05. 14:30,Karonga United,TN Stars,2,1,2022
29.05. 14:30,Mighty Tigers,Civo Utd,0,1,2022
29.05. 14:30,Mighty Wanderers,Red Lions,2,1,2022
28.05. 14:30,Big Bullets,Silver Strikers,3,1,2022
28.05. 14:30,Blue Eagles,Kamuzu Barracks,0,0,2022
28.05. 14:30,MAFCO,Rumphi United,3,0,2022
22.05. 14:30,Moyale Barracks,Dedza Dynamos,1,2,2022
22.05. 14:30,Rumphi United,Mighty Wanderers,0,4,2022
22.05. 14:30,Sable Farming,Silver Strikers,2,2,2022
22.05. 14:30,TN Stars,Big Bullets,0,2,2022
21.05. 14:30,Ekwendeni Hammers,Mighty Wanderers,1,2,2022
21.05. 14:30,Karonga United,Mighty Tigers,1,0,2022
21.05. 14:30,MAFCO,Kamuzu Barracks,0,0,2022
21.05. 14:30,Red Lions,Civo Utd,1,1,2022
18.05. 14:30,Blue Eagles,Civo Utd,0,0,2022
15.05. 14:30,Dedza Dynamos,Blue Eagles,0,0,2022
15.05. 14:30,Mighty Tigers,MAFCO,1,3,2022
15.05. 14:30,Rumphi United,TN Stars,0,1,2022
15.05. 14:30,Silver Strikers,Kamuzu Barracks,3,0,2022
14.05. 14:30,Red Lions,Big Bullets,0,2,2022
14.05. 14:30,Sable Farming,Moyale Barracks,0,2,2022
08.05. 14:30,Blue Eagles,Mighty Tigers,3,0,2022
08.05. 14:30,Kamuzu Barracks,Ekwendeni Hammers,1,0,2022
08.05. 14:30,Mighty Wanderers,Dedza Dynamos,2,0,2022
08.05. 14:30,Moyale Barracks,Karonga United,2,0,2022
08.05. 14:30,Rumphi United,Sable Farming,2,0,2022
07.05. 14:30,Civo Utd,Big Bullets,0,1,2022
07.05. 14:30,Silver Strikers,Ekwendeni Hammers,1,1,2022
07.05. 14:30,TN Stars,Mighty Tigers,0,1,2022
02.05. 14:30,Dedza Dynamos,TN Stars,1,2,2022
02.05. 14:30,Ekwendeni Hammers,Moyale Barracks,0,0,2022
01.05. 14:30,Big Bullets,Rumphi United,4,1,2022
01.05. 14:30,Karonga United,MAFCO,1,0,2022
30.04. 14:30,Civo Utd,Kamuzu Barracks,1,1,2022
30.04. 14:30,Red Lions,Rumphi United,1,0,2022
30.04. 14:30,Sable Farming,Blue Eagles,1,2,2022
30.04. 14:30,Silver Strikers,Mighty Wanderers,2,1,2022
27.04. 14:30,Moyale Barracks,Big Bullets,1,2,2022
24.04. 14:30,Blue Eagles,Silver Strikers,1,0,2022
24.04. 14:30,Mighty Wanderers,Kamuzu Barracks,1,2,2022
24.04. 14:30,Rumphi United,Civo Utd,1,0,2022
24.04. 14:30,TN Stars,Red Lions,1,1,2022
23.04. 14:30,Ekwendeni Hammers,Civo Utd,0,1,2022
23.04. 14:30,Karonga United,Big Bullets,0,0,2022
23.04. 14:30,MAFCO,Moyale Barracks,3,1,2022
23.04. 14:30,Mighty Tigers,Dedza Dynamos,2,1,2022
20.04. 14:30,MAFCO,TN Stars,5,1,2022
20.04. 14:30,Red Lions,Blue Eagles,1,4,2022
18.04. 14:30,Silver Strikers,Dedza Dynamos,1,1,2022
17.04. 14:30,Big Bullets,MAFCO,1,0,2022
17.04. 14:30,Civo Utd,Karonga United,1,1,2022
17.04. 14:30,Ekwendeni Hammers,Rumphi United,2,1,2022
17.04. 14:30,TN Stars,Moyale Barracks,3,4,2022
16.04. 14:30,Blue Eagles,Karonga United,1,0,2022
16.04. 14:30,Kamuzu Barracks,Moyale Barracks,2,1,2022
16.04. 14:30,Mighty Tigers,Red Lions,2,1,2022
16.04. 14:30,Mighty Wanderers,Sable Farming,3,1,2022
13.04. 14:30,Dedza Dynamos,Big Bullets,0,1,2022
10.04. 14:30,Civo Utd,MAFCO,1,1,2022
10.04. 14:30,Ekwendeni Hammers,Mighty Tigers,0,0,2022
10.04. 14:30,TN Stars,Kamuzu Barracks,0,2,2022
09.04. 14:30,Blue Eagles,Big Bullets,1,1,2022
09.04. 14:30,Karonga United,Silver Strikers,0,2,2022
09.04. 14:30,Moyale Barracks,Mighty Wanderers,0,1,2022
09.04. 14:30,Rumphi United,Mighty Tigers,3,0,2022
09.04. 14:30,Sable Farming,Red Lions,2,0,2022
03.04. 14:30,Dedza Dynamos,Kamuzu Barracks,2,1,2022
03.04. 14:30,Mighty Tigers,Mighty Wanderers,0,0,2022
03.04. 14:30,Sable Farming,Ekwendeni Hammers,1,1,2022
03.04. 14:30,Silver Strikers,Civo Utd,1,1,2022
02.04. 14:30,Big Bullets,Ekwendeni Hammers,3,1,2022
02.04. 14:30,MAFCO,Red Lions,0,2,2022
02.04. 14:30,Moyale Barracks,Blue Eagles,0,1,2022
27.03. 14:30,Blue Eagles,Rumphi United,2,0,2022
27.03. 14:30,Dedza Dynamos,Karonga United,1,1,2022
27.03. 14:30,Ekwendeni Hammers,MAFCO,2,2,2022
27.03. 14:30,Kamuzu Barracks,Mighty Tigers,1,1,2022
27.03. 14:30,Sable Farming,TN Stars,0,0,2022
26.03. 14:30,Mighty Wanderers,TN Stars,2,1,2022
26.03. 14:30,Moyale Barracks,Civo Utd,1,0,2022
26.03. 14:30,Red Lions,Karonga United,1,1,2022
26.03. 14:30,Silver Strikers,Rumphi United,1,0,2022
20.03. 14:30,Civo Utd,Sable Farming,2,0,2022
20.03. 14:30,MAFCO,Blue Eagles,0,1,2022
20.03. 14:30,Mighty Tigers,Moyale Barracks,1,0,2022
20.03. 14:30,Red Lions,Silver Strikers,1,0,2022
20.03. 14:30,Rumphi United,Dedza Dynamos,0,2,2022
19.03. 14:30,Big Bullets,Mighty Wanderers,2,1,2022
19.03. 14:30,Ekwendeni Hammers,TN Stars,2,0,2022
19.03. 14:30,Karonga United,Kamuzu Barracks,1,3,202222.12. 14:30,Big Bullets,TN Stars,2,0,2019
22.12. 14:30,Mlatho Mponela,Mighty Wanderers,0,3,2019
19.12. 14:30,Ntopwa,Masters Security,3,0,2019
18.12. 14:30,Mighty Tigers,Masters Security,3,0,2019
15.12. 14:30,Big Bullets,Moyale Barracks,1,0,2019
15.12. 14:30,Karonga United,Dwangwa United,2,0,2019
15.12. 14:30,TN Stars,Mighty Wanderers,1,2,2019
14.12. 14:30,Chitipa United,Dwangwa United,1,1,2019
14.12. 14:30,Civil,Mzuzu Warriors,1,2,2019
14.12. 14:30,Mighty Tigers,Moyale Barracks,0,1,2019
11.12. 14:30,Blue Eagles,Karonga United,5,0,2019
11.12. 14:30,Civil,Big Bullets,0,1,2019
11.12. 14:30,Mighty Wanderers,Mighty Tigers,1,0,2019
10.12. 14:30,Kamuzu Barracks,Dwangwa United,2,3,2019
09.12. 14:30,Ntopwa,Karonga United,3,1,2019
09.12. 14:30,Silver Strikers,Chitipa United,3,0,2019
08.12. 14:30,Blue Eagles,Chitipa United,4,0,2019
08.12. 14:30,Mighty Wanderers,Karonga United,2,1,2019
08.12. 14:30,Mzuzu Warriors,Masters Security,2,0,2019
08.12. 14:30,Silver Strikers,Big Bullets,0,1,2019
07.12. 14:30,Civil,Mlatho Mponela,2,1,2019
07.12. 14:30,Moyale Barracks,Mzuzu Warriors,0,1,2019
05.12. 14:30,Mighty Tigers,Kamuzu Barracks,0,1,2019
04.12. 14:30,Big Bullets,Kamuzu Barracks,2,0,2019
04.12. 14:30,Masters Security,Mighty Wanderers,0,1,2019
01.12. 14:30,Big Bullets,Blue Eagles,4,0,2019
01.12. 14:30,Chitipa United,Mlatho Mponela,2,0,2019
01.12. 14:30,Dwangwa United,Mighty Wanderers,0,2,2019
01.12. 14:30,Kamuzu Barracks,Silver Strikers,0,1,2019
01.12. 14:30,TN Stars,Moyale Barracks,1,1,2019
30.11. 14:30,Civil,Moyale Barracks,1,1,2019
30.11. 14:30,Karonga United,Mlatho Mponela,2,2,2019
30.11. 14:30,Ntopwa,Blue Eagles,3,1,2019
27.11. 14:30,Blue Eagles,Masters Security,1,2,2019
27.11. 14:30,Dwangwa United,TN Stars,2,1,2019
27.11. 14:30,Mlatho Mponela,Silver Strikers,0,1,2019
24.11. 14:30,Mlatho Mponela,Mzuzu Warriors,1,1,2019
24.11. 14:30,Ntopwa,Chitipa United,4,3,2019
23.11. 14:30,Mighty Tigers,Big Bullets,0,1,2019
23.11. 14:30,Mighty Wanderers,Chitipa United,4,0,2019
23.11. 14:30,Moyale Barracks,Masters Security,2,1,2019
23.11. 14:30,TN Stars,Mzuzu Warriors,3,2,2019
17.11. 14:30,Mighty Tigers,TN Stars,1,0,2019
17.11. 14:30,Mlatho Mponela,Blue Eagles,2,3,2019
17.11. 14:30,Silver Strikers,Ntopwa,4,1,2019
16.11. 14:30,Kamuzu Barracks,Ntopwa,0,1,2019
16.11. 14:30,Masters Security,Civil,1,2,2019
16.11. 14:30,Moyale Barracks,Karonga United,0,1,2019
06.11. 14:30,Moyale Barracks,Dwangwa United,2,0,2019
03.11. 14:30,Big Bullets,Mzuzu Warriors,3,2,2019
03.11. 14:30,Blue Eagles,Mighty Wanderers,2,0,2019
02.11. 14:30,Masters Security,Chitipa United,0,1,2019
02.11. 14:30,Mighty Tigers,Mzuzu Warriors,2,1,2019
27.10. 14:30,Big Bullets,Ntopwa,2,1,2019
27.10. 14:30,Mlatho Mponela,Kamuzu Barracks,1,0,2019
27.10. 14:30,Moyale Barracks,Silver Strikers,2,1,2019
26.10. 14:30,Mzuzu Warriors,Silver Strikers,1,1,2019
20.10. 14:30,Chitipa United,Mighty Tigers,0,1,2019
20.10. 14:30,Mzuzu Warriors,Blue Eagles,1,1,2019
20.10. 14:30,Ntopwa,Civil,2,1,2019
20.10. 14:30,Silver Strikers,TN Stars,3,1,2019
19.10. 14:30,Karonga United,Mighty Tigers,0,1,2019
19.10. 14:30,Mighty Wanderers,Civil,2,0,2019
19.10. 14:30,Mlatho Mponela,Big Bullets,0,0,2019
19.10. 14:30,Moyale Barracks,Blue Eagles,0,0,2019
15.10. 14:30,Silver Strikers,Masters Security,2,0,2019
15.10. 14:30,TN Stars,Civil,0,1,2019
13.10. 14:30,Dwangwa United,Mzuzu Warriors,1,1,2019
13.10. 14:30,Kamuzu Barracks,TN Stars,2,3,2019
12.10. 14:30,Blue Eagles,Civil,2,1,2019
12.10. 14:30,Chitipa United,Karonga United,3,3,2019
12.10. 14:30,Masters Security,Mlatho Mponela,2,1,2019
06.10. 14:30,Dwangwa United,Blue Eagles,1,1,2019
06.10. 14:30,Masters Security,Karonga United,1,3,2019
06.10. 14:30,Mlatho Mponela,Ntopwa,2,0,2019
06.10. 14:30,Mzuzu Warriors,Chitipa United,0,3,2019
05.10. 14:30,Civil,Kamuzu Barracks,2,0,2019
05.10. 14:30,Mighty Wanderers,Big Bullets,0,0,2019
05.10. 14:30,Silver Strikers,Karonga United,3,3,2019
29.09. 14:30,Karonga United,Kamuzu Barracks,0,1,2019
29.09. 14:30,Mighty Tigers,Dwangwa United,2,0,2019
29.09. 14:30,Moyale Barracks,Mighty Wanderers,0,0,2019
29.09. 14:30,TN Stars,Mlatho Mponela,1,0,2019
28.09. 14:30,Big Bullets,Dwangwa United,4,1,2019
28.09. 14:30,Chitipa United,Kamuzu Barracks,1,1,2019
28.09. 14:30,Civil,Silver Strikers,2,0,2019
28.09. 14:30,Mzuzu Warriors,Mighty Wanderers,1,2,2019
22.09. 14:30,Kamuzu Barracks,Blue Eagles,0,0,2019
22.09. 14:30,Karonga United,Big Bullets,0,1,2019
22.09. 14:30,Mighty Wanderers,Silver Strikers,1,1,2019
22.09. 14:30,TN Stars,Ntopwa,3,1,2019
21.09. 14:30,Chitipa United,Big Bullets,0,3,2019
21.09. 14:30,Dwangwa United,Ntopwa,3,0,2019
21.09. 14:30,Masters Security,Kamuzu Barracks,0,1,2019
21.09. 14:30,Mighty Tigers,Silver Strikers,0,1,2019
21.09. 14:30,Mlatho Mponela,Moyale Barracks,2,2,2019
15.09. 14:30,Blue Eagles,Mighty Tigers,1,0,2019
15.09. 14:30,Dwangwa United,Silver Strikers,1,0,2019
15.09. 14:30,Moyale Barracks,Chitipa United,0,0,2019
15.09. 14:30,TN Stars,Masters Security,1,1,2019
14.09. 14:30,Civil,Mighty Tigers,1,0,2019
14.09. 14:30,Karonga United,Mzuzu Warriors,1,0,2019
14.09. 14:30,Mighty Wanderers,Ntopwa,1,0,2019
11.09. 14:30,Blue Eagles,TN Stars,1,0,2019
08.09. 14:30,Chitipa United,Civil,2,2,2019
08.09. 14:30,Masters Security,Dwangwa United,1,2,2019
08.09. 14:30,Mzuzu Warriors,Kamuzu Barracks,0,0,2019
08.09. 14:30,Ntopwa,Mighty Tigers,3,2,2019
07.09. 14:30,Karonga United,Civil,1,0,2019
07.09. 14:30,Mlatho Mponela,Dwangwa United,1,1,2019
07.09. 14:30,Moyale Barracks,Kamuzu Barracks,1,0,2019
02.09. 14:30,Mzuzu Warriors,Ntopwa,1,1,2019
01.09. 14:30,Dwangwa United,Civil,2,1,2019
01.09. 14:30Awrd,Karonga United,TN Stars,2,0,2019
01.09. 14:30,Mighty Tigers,Mlatho Mponela,0,0,2019
01.09. 14:30,Moyale Barracks,Ntopwa,2,1,2019
01.09. 14:30,Silver Strikers,Blue Eagles,1,1,2019
31.08. 14:30,Big Bullets,Masters Security,3,0,2019
31.08. 14:30Awrd,Chitipa United,TN Stars,2,0,2019
31.08. 14:30,Kamuzu Barracks,Mighty Wanderers,0,1,2019
18.08. 14:30,Civil,Masters Security,3,0,2019
18.08. 14:30,Kamuzu Barracks,Mzuzu Warriors,0,0,2019
18.08. 14:30,Mighty Wanderers,Moyale Barracks,2,3,2019
17.08. 14:30,Dwangwa United,Big Bullets,1,3,2019
17.08. 14:30,Ntopwa,Moyale Barracks,4,1,2019
14.08. 14:30,Kamuzu Barracks,Masters Security,1,1,2019
11.08. 14:30,Mzuzu Warriors,Karonga United,0,0,2019
11.08. 14:30,Ntopwa,Mighty Wanderers,0,2,2019
11.08. 14:30,Silver Strikers,Mlatho Mponela,2,1,2019
10.08. 14:30,Blue Eagles,Dwangwa United,3,1,2019
10.08. 14:30,Chitipa United,Mzuzu Warriors,1,0,2019
04.08. 14:30,Masters Security,Blue Eagles,2,2,2019
04.08. 14:30,Mighty Tigers,Mighty Wanderers,1,2,2019
04.08. 14:30,Moyale Barracks,Mlatho Mponela,2,1,2019
04.08. 14:30,Ntopwa,Silver Strikers,0,1,2019
04.08. 14:30,TN Stars,Karonga United,1,1,2019
03.08. 14:30,Big Bullets,Silver Strikers,3,1,2019
03.08. 14:30,Kamuzu Barracks,Civil,0,0,2019
03.08. 14:30,Mzuzu Warriors,Mlatho Mponela,1,0,2019
28.07. 14:30,Civil,Blue Eagles,3,2,2019
28.07. 14:30,Karonga United,Moyale Barracks,1,1,2019
28.07. 14:30,Mighty Tigers,Ntopwa,1,0,2019
28.07. 14:30,TN Stars,Silver Strikers,1,2,2019
27.07. 14:30,Big Bullets,Mighty Wanderers,0,0,2019
27.07. 14:30,Chitipa United,Moyale Barracks,2,1,2019
27.07. 14:30,Mlatho Mponela,Masters Security,2,0,2019
27.07. 14:30,Mzuzu Warriors,Dwangwa United,1,0,2019
21.07. 14:30,Big Bullets,Karonga United,5,0,2019
21.07. 14:30,Civil,Chitipa United,1,1,2019
21.07. 14:30,Masters Security,Mzuzu Warriors,0,2,2019
21.07. 14:30,TN Stars,Kamuzu Barracks,0,0,2019
20.07. 14:30,Blue Eagles,Mzuzu Warriors,3,2,2019
20.07. 14:30,Mighty Tigers,Karonga United,1,1,2019
20.07. 14:30,Silver Strikers,Mighty Wanderers,0,0,2019
14.07. 14:30,Blue Eagles,Silver Strikers,2,1,2019
14.07. 14:30,Masters Security,Big Bullets,0,0,2019
14.07. 14:30,Moyale Barracks,Civil,0,0,2019
14.07. 14:30,Ntopwa,TN Stars,0,1,2019
13.07. 14:30,Kamuzu Barracks,Big Bullets,1,0,2019
13.07. 14:30,Mighty Wanderers,TN Stars,4,1,2019
13.07. 14:30,Mzuzu Warriors,Civil,1,2,2019
13.07. 14:30,Silver Strikers,Dwangwa United,2,1,2019
08.07. 14:30,Kamuzu Barracks,Moyale Barracks,2,1,2019
08.07. 14:30,Mighty Wanderers,Masters Security,6,1,2019
08.07. 14:30,TN Stars,Blue Eagles,1,0,2019
07.07. 14:30,Big Bullets,Mlatho Mponela,3,0,2019
07.07. 14:30,Civil,Ntopwa,3,0,2019
07.07. 14:30,Dwangwa United,Karonga United,2,1,2019
07.07. 14:30,Silver Strikers,Moyale Barracks,1,0,2019
06.07. 14:30,Kamuzu Barracks,Karonga United,2,0,2019
30.06. 14:30,Civil,Mighty Wanderers,0,1,2019
30.06. 14:30,Mighty Tigers,Chitipa United,1,1,2019
29.06. 14:30,Big Bullets,Chitipa United,2,2,2019
29.06. 14:30,Masters Security,TN Stars,0,2,2019
23.06. 14:30,Chitipa United,Blue Eagles,3,5,2019
23.06. 14:30,Civil,TN Stars,0,1,2019
23.06. 14:30,Masters Security,Mighty Tigers,0,0,2019
23.06. 14:30,Mzuzu Warriors,Big Bullets,0,0,2019
23.06. 14:30,Ntopwa,Mlatho Mponela,5,1,2019
22.06. 14:30,Dwangwa United,Kamuzu Barracks,1,2,2019
22.06. 14:30,Karonga United,Blue Eagles,1,0,2019
22.06. 14:30,Mighty Wanderers,Mlatho Mponela,2,0,2019
22.06. 14:30,Moyale Barracks,Big Bullets,0,2,2019
22.06. 14:30,Silver Strikers,Mighty Tigers,1,1,2019
16.06. 14:30,Mighty Wanderers,Kamuzu Barracks,2,0,2019
16.06. 14:30,TN Stars,Chitipa United,1,0,2019
15.06. 14:30,Blue Eagles,Big Bullets,2,1,2019
15.06. 14:30,Mlatho Mponela,Chitipa United,2,0,2019
15.06. 14:30,Ntopwa,Kamuzu Barracks,0,1,2019
09.06. 14:30,Karonga United,Masters Security,2,1,2019
09.06. 14:30,Moyale Barracks,Mighty Tigers,2,1,2019
09.06. 14:30,Ntopwa,Dwangwa United,3,0,2019
09.06. 14:30,Silver Strikers,Civil,2,1,2019
08.06. 14:30,Chitipa United,Masters Security,0,3,2019
08.06. 14:30,Kamuzu Barracks,Mlatho Mponela,1,0,2019
08.06. 14:30,Mighty Wanderers,Dwangwa United,5,0,2019
08.06. 14:30,Mzuzu Warriors,Mighty Tigers,0,2,2019
19.05. 14:30,Big Bullets,Civil,6,0,2019
19.05. 14:30,Chitipa United,Mighty Wanderers,0,0,2019
19.05. 14:30,Dwangwa United,Mlatho Mponela,1,1,2019
19.05. 14:30,Masters Security,Silver Strikers,0,0,2019
18.05. 14:30,Karonga United,Mighty Wanderers,0,1,2019
18.05. 14:30,Mighty Tigers,Civil,1,0,2019
18.05. 14:30,Silver Strikers,Mzuzu Warriors,2,1,2019
14.05. 14:30,Dwangwa United,Moyale Barracks,1,2,2019
14.05. 14:30,Karonga United,Chitipa United,0,1,2019
14.05. 14:30,Mlatho Mponela,TN Stars,1,2,2019
12.05. 14:30,Karonga United,Ntopwa,4,1,2019
12.05. 14:30,TN Stars,Mighty Tigers,2,0,2019
11.05. 14:30,Blue Eagles,Kamuzu Barracks,0,2,2019
11.05. 14:30,Chitipa United,Ntopwa,1,3,2019
11.05. 14:30,Mlatho Mponela,Mighty Tigers,2,0,2019
05.05. 14:30,Dwangwa United,Masters Security,3,3,2019
05.05. 14:30,Mighty Wanderers,Blue Eagles,1,3,2019
04.05. 14:30,Mighty Tigers,Blue Eagles,0,0,2019
04.05. 14:30,Ntopwa,Big Bullets,1,4,2019
04.05. 14:30,Silver Strikers,Kamuzu Barracks,0,1,2019
28.04. 14:30,Big Bullets,Mighty Tigers,1,1,2019
28.04. 14:30,Blue Eagles,Mlatho Mponela,0,0,2019
28.04. 14:30,TN Stars,Dwangwa United,1,0,2019
27.04. 14:30,Civil,Dwangwa United,2,0,2019
27.04. 14:30,Mzuzu Warriors,Moyale Barracks,1,0,2019
21.04. 14:30,Civil,Karonga United,3,0,2019
21.04. 14:30,Dwangwa United,Chitipa United,1,0,2019
21.04. 14:30,Masters Security,Ntopwa,1,0,2019
21.04. 14:30,Mzuzu Warriors,TN Stars,2,2,2019
20.04. 14:30,Blue Eagles,Ntopwa,1,0,2019
20.04. 14:30,Kamuzu Barracks,Chitipa United,1,1,2019
20.04. 14:30,Mlatho Mponela,Karonga United,1,3,2019
20.04. 14:30,Moyale Barracks,TN Stars,3,0,2019
14.04. 14:30,Blue Eagles,Moyale Barracks,2,1,2019
14.04. 14:30,Chitipa United,Silver Strikers,0,0,2019
14.04. 14:30,Dwangwa United,Mighty Tigers,1,2,2019
14.04. 14:30,Mlatho Mponela,Civil,0,3,2019
14.04. 14:30,Ntopwa,Mzuzu Warriors,0,0,2019
13.04. 14:30,Kamuzu Barracks,Mighty Tigers,0,0,2019
13.04. 14:30,Karonga United,Silver Strikers,2,3,2019
13.04. 14:30,Masters Security,Moyale Barracks,1,1,2019
13.04. 14:30,Mighty Wanderers,Mzuzu Warriors,5,0,2019
13.04. 14:30,TN Stars,Big Bullets,0,4,2019
24.12. 14:30,Big Bullets,Civil,2,1,2018
19.12. 14:30,Big Bullets,Silver Strikers,1,1,2018
19.12. 14:30,TN Stars,Mighty Wanderers,1,1,2018
16.12. 14:30,Nchalo,Moyale Barracks,1,0,2018
15.12. 14:30,Karonga United,Blue Eagles,2,1,2018
15.12. 14:30,Masters Security,Dwangwa United,1,0,2018
15.12. 14:30,Mighty Wanderers,Moyale Barracks,7,2,2018
15.12. 14:30,Red Lions,Big Bullets,0,3,2018
06.12. 14:30,Silver Strikers,Masters Security,4,0,2018
02.12. 14:30,Dwangwa United,Mighty Wanderers,1,1,2018
02.12. 14:30,Mighty Tigers,Big Bullets,0,2,2018
01.12. 14:30,Blue Eagles,Red Lions,0,0,2018
01.12. 14:30,MAFCO,Mighty Wanderers,1,2,2018
25.11. 14:30,Masters Security,TN Stars,1,1,2018
25.11. 14:30,Mighty Wanderers,Mzuzu Warriors,1,0,2018
24.11. 14:30,Karonga United,Dwangwa United,4,2,2018
24.11. 14:30,MAFCO,Kamuzu Barracks,1,1,2018
24.11. 14:30,Nchalo,Mzuzu Warriors,1,1,2018
18.11. 14:30,Blue Eagles,TN Stars,0,2,2018
18.11. 14:30,MAFCO,Mighty Tigers,4,3,2018
17.11. 14:30,Kamuzu Barracks,Mighty Tigers,1,1,2018
11.11. 14:30,Civil,Dwangwa United,0,2,2018
11.11. 14:30,Mzuzu Warriors,MAFCO,0,0,2018
11.11. 14:30,TN Stars,Silver Strikers,0,0,2018
10.11. 14:30,Kamuzu Barracks,Red Lions,0,0,2018
10.11. 14:30,Masters Security,Big Bullets,1,0,2018
10.11. 14:30,Mighty Wanderers,Nchalo,6,1,2018
10.11. 14:30,Moyale Barracks,MAFCO,1,0,2018
04.11. 14:30,Mighty Tigers,Masters Security,0,1,2018
03.11. 14:30,Big Bullets,TN Stars,2,0,2018
03.11. 14:30,Karonga United,Mighty Wanderers,0,1,2018
28.10. 14:30,Masters Security,Kamuzu Barracks,0,1,2018
28.10. 14:30,Mighty Tigers,Civil,2,3,2018
28.10. 14:30,Red Lions,Dwangwa United,2,0,2018
27.10. 14:30,Blue Eagles,Big Bullets,0,1,2018
27.10. 14:30,Karonga United,Mzuzu Warriors,1,1,2018
27.10. 14:30,Mighty Wanderers,Silver Strikers,1,1,2018
27.10. 14:30,Nchalo,Civil,0,2,2018
21.10. 14:30,Big Bullets,Dwangwa United,2,0,2018
21.10. 14:30,Silver Strikers,Moyale Barracks,0,0,2018
20.10. 14:30,Kamuzu Barracks,Blue Eagles,0,0,2018
20.10. 14:30,Karonga United,Red Lions,2,0,2018
20.10. 14:30,MAFCO,TN Stars,2,0,2018
20.10. 14:30,Nchalo,Dwangwa United,1,3,2018
15.10. 14:30,Civil,Blue Eagles,1,1,2018
15.10. 14:30,Dwangwa United,MAFCO,1,1,2018
15.10. 14:30,Mighty Tigers,Nchalo,1,0,2018
14.10. 14:30,Silver Strikers,Karonga United,4,1,2018
13.10. 14:30,Masters Security,Karonga United,3,1,2018
13.10. 14:30,Moyale Barracks,Mzuzu Warriors,1,3,2018
07.10. 14:30,Kamuzu Barracks,Silver Strikers,0,1,2018
07.10. 14:30,MAFCO,Blue Eagles,2,1,2018
07.10. 14:30,Mighty Tigers,TN Stars,1,1,2018
06.10. 14:30,Dwangwa United,Moyale Barracks,3,1,2018
06.10. 14:30,Red Lions,Civil,2,0,2018
30.09. 14:30,Civil,Masters Security,2,2,2018
30.09. 14:30,Mighty Wanderers,Red Lions,4,1,2018
30.09. 14:30,Moyale Barracks,Mighty Tigers,3,2,2018
30.09. 14:30,TN Stars,Nchalo,1,1,2018
29.09. 14:30,Big Bullets,MAFCO,3,1,2018
29.09. 14:30,Blue Eagles,Nchalo,3,1,2018
29.09. 14:30,Dwangwa United,Silver Strikers,2,2,2018
29.09. 14:30,Karonga United,Kamuzu Barracks,1,2,2018
29.09. 14:30,Mzuzu Warriors,Mighty Tigers,3,1,2018
23.09. 14:30,TN Stars,Mzuzu Warriors,2,1,2018
22.09. 14:30,Kamuzu Barracks,Mzuzu Warriors,0,2,2018
22.09. 14:30,Moyale Barracks,Karonga United,1,1,2018
22.09. 14:30,Silver Strikers,Civil,1,2,2018
16.09. 14:30,Big Bullets,Kamuzu Barracks,6,0,2018
16.09. 14:30,Civil,MAFCO,2,2,2018
16.09. 14:30,Mighty Tigers,Blue Eagles,3,2,2018
16.09. 14:30,Mzuzu Warriors,Masters Security,2,0,2018
16.09. 14:30,TN Stars,Red Lions,1,1,2018
15.09. 14:30,Mighty Wanderers,Blue Eagles,3,0,2018
15.09. 14:30,Moyale Barracks,Masters Security,1,1,2018
15.09. 14:30,Nchalo,Kamuzu Barracks,0,2,2018
15.09. 14:30,Silver Strikers,Red Lions,2,0,2018
09.09. 14:30,Blue Eagles,Moyale Barracks,0,1,2018
09.09. 14:30,Civil,TN Stars,1,0,2018
09.09. 14:30,Masters Security,Nchalo,3,1,2018
09.09. 14:30,Red Lions,Mighty Tigers,1,1,2018
08.09. 14:30,Kamuzu Barracks,Moyale Barracks,0,0,2018
08.09. 14:30,Karonga United,MAFCO,2,1,2018
08.09. 14:30,Mzuzu Warriors,Dwangwa United,2,0,2018
08.09. 14:30,Silver Strikers,Nchalo,1,0,2018
02.09. 14:30,Dwangwa United,Mighty Tigers,0,1,2018
02.09. 14:30,MAFCO,Silver Strikers,0,0,2018
02.09. 14:30,Masters Security,Blue Eagles,1,1,2018
02.09. 14:30,Mzuzu Warriors,Civil,2,1,2018
02.09. 14:30,Red Lions,Nchalo,0,0,2018
01.09. 14:30,Big Bullets,Mighty Wanderers,1,1,2018
01.09. 14:30,Kamuzu Barracks,TN Stars,2,1,2018
01.09. 14:30,Moyale Barracks,Civil,1,1,2018
26.08. 14:30,Blue Eagles,Mzuzu Warriors,1,0,2018
26.08. 14:30,Dwangwa United,Kamuzu Barracks,2,1,2018
26.08. 14:30,Masters Security,Mighty Wanderers,1,1,2018
26.08. 14:30,Mighty Tigers,Karonga United,0,1,2018
26.08. 14:30,Red Lions,MAFCO,0,1,2018
25.08. 14:30,Big Bullets,Karonga United,3,1,2018
25.08. 14:30,Civil,Mighty Wanderers,0,1,2018
25.08. 14:30,Nchalo,MAFCO,0,0,2018
25.08. 14:30,Silver Strikers,Mzuzu Warriors,1,0,2018
25.08. 14:30,TN Stars,Moyale Barracks,2,1,2018
19.08. 14:30,Blue Eagles,Silver Strikers,0,0,2018
19.08. 14:30,Kamuzu Barracks,Civil,1,0,2018
19.08. 14:30,Moyale Barracks,Big Bullets,3,3,2018
19.08. 14:30,Red Lions,Masters Security,0,0,2018
18.08. 14:30,Dwangwa United,TN Stars,2,1,2018
18.08. 14:30,Karonga United,Nchalo,3,0,2018
18.08. 14:30,Mighty Wanderers,Mighty Tigers,1,0,2018
18.08. 14:30,Mzuzu Warriors,Big Bullets,0,1,2018
12.08. 14:30,Big Bullets,Nchalo,2,0,2018
12.08. 14:30,MAFCO,Masters Security,0,2,2018
12.08. 14:30,Moyale Barracks,Red Lions,2,1,2018
12.08. 14:30,TN Stars,Karonga United,2,0,2018
11.08. 14:30,Civil,Karonga United,1,1,2018
11.08. 14:30,Dwangwa United,Blue Eagles,1,1,2018
11.08. 14:30,Mighty Tigers,Silver Strikers,2,1,2018
11.08. 14:30,Mighty Wanderers,Kamuzu Barracks,1,0,2018
11.08. 14:30,Mzuzu Warriors,Red Lions,0,1,2018
29.07. 14:30,Civil,Mzuzu Warriors,1,1,2018
29.07. 14:30,Mighty Wanderers,MAFCO,1,0,2018
29.07. 14:30,Nchalo,Blue Eagles,1,2,2018
28.07. 14:30,Big Bullets,Blue Eagles,1,0,2018
28.07. 14:30,Dwangwa United,Civil,1,0,2018
28.07. 14:30,Red Lions,Silver Strikers,1,1,2018
22.07. 14:30,Blue Eagles,Kamuzu Barracks,1,0,2018
22.07. 14:30,MAFCO,Big Bullets,0,1,2018
22.07. 14:30,Mzuzu Warriors,TN Stars,2,0,2018
21.07. 14:30,Karonga United,Masters Security,1,0,2018
21.07. 14:30,MAFCO,Moyale Barracks,2,1,2018
21.07. 14:30,Mighty Wanderers,Civil,0,0,2018
21.07. 14:30,Silver Strikers,Big Bullets,0,0,2018
15.07. 14:30,Civil,Nchalo,2,1,2018
15.07. 14:30,Masters Security,Mighty Tigers,2,1,2018
15.07. 14:30,Mzuzu Warriors,Mighty Wanderers,2,1,2018
15.07. 14:30,Silver Strikers,Blue Eagles,1,0,2018
14.07. 14:30,Big Bullets,Red Lions,3,0,2018
14.07. 14:30,Blue Eagles,Mighty Tigers,0,3,2018
14.07. 14:30,Kamuzu Barracks,Nchalo,1,1,2018
14.07. 14:30,Moyale Barracks,Mighty Wanderers,0,1,2018
14.07. 14:30,TN Stars,Dwangwa United,1,0,2018
08.07. 14:30,Big Bullets,Mighty Tigers,3,0,2018
08.07. 14:30,Civil,Silver Strikers,1,1,2018
08.07. 14:30,Kamuzu Barracks,Karonga United,1,1,2018
08.07. 14:30,Mighty Wanderers,TN Stars,3,1,2018
08.07. 14:30,Moyale Barracks,Dwangwa United,1,0,2018
07.07. 14:30,Blue Eagles,Karonga United,2,1,2018
07.07. 14:30,Masters Security,Red Lions,1,1,2018
01.07. 14:30,Kamuzu Barracks,MAFCO,0,0,2018
01.07. 14:30,Mighty Wanderers,Dwangwa United,0,0,2018
01.07. 14:30,Red Lions,Moyale Barracks,0,0,2018
30.06. 14:30,Mighty Tigers,Mzuzu Warriors,2,0,2018
30.06. 14:30,Nchalo,Mighty Wanderers,0,2,2018
30.06. 14:30,Silver Strikers,MAFCO,2,1,2018
24.06. 14:30,Blue Eagles,Mighty Wanderers,0,3,2018
24.06. 14:30,Karonga United,Silver Strikers,1,2,2018
24.06. 14:30,Masters Security,Moyale Barracks,1,0,2018
24.06. 14:30,Nchalo,Mighty Tigers,1,1,2018
24.06. 14:30,TN Stars,MAFCO,2,1,2018
23.06. 14:30,Civil,Red Lions,3,2,2018
23.06. 14:30,Dwangwa United,Big Bullets,2,2,2018
23.06. 14:30,Kamuzu Barracks,Mighty Wanderers,1,2,2018
23.06. 14:30,Mzuzu Warriors,Silver Strikers,1,1,2018
17.06. 14:30,Blue Eagles,Dwangwa United,4,0,2018
17.06. 14:30,MAFCO,Civil,0,1,2018
17.06. 14:30,Masters Security,Mzuzu Warriors,1,0,2018
17.06. 14:30,Moyale Barracks,TN Stars,4,3,2018
17.06. 14:30,Silver Strikers,Mighty Tigers,1,0,2018
16.06. 14:30,Kamuzu Barracks,Dwangwa United,2,1,2018
16.06. 14:30,Karonga United,TN Stars,1,1,2018
16.06. 14:30,Nchalo,Red Lions,1,0,2018
10.06. 14:30,Big Bullets,Masters Security,2,0,2018
10.06. 14:30,Civil,Moyale Barracks,0,2,2018
10.06. 14:30,Dwangwa United,Karonga United,1,0,2018
10.06. 14:30,Red Lions,Mighty Wanderers,1,0,2018
10.06. 14:30,TN Stars,Kamuzu Barracks,1,1,2018
09.06. 14:30,MAFCO,Karonga United,2,2,2018
09.06. 14:30,Nchalo,Masters Security,0,0,2018
03.06. 14:30,Masters Security,MAFCO,1,0,2018
03.06. 14:30,Moyale Barracks,Kamuzu Barracks,1,1,2018
03.06. 14:30,Nchalo,Silver Strikers,0,1,2018
02.06. 14:30,Blue Eagles,MAFCO,1,1,2018
02.06. 14:30,Karonga United,Big Bullets,0,0,2018
02.06. 14:30,Mighty Tigers,Dwangwa United,3,3,2018
02.06. 14:30,Mzuzu Warriors,Kamuzu Barracks,0,2,2018
02.06. 14:30,TN Stars,Civil,5,2,2018
30.05. 14:30,Silver Strikers,TN Stars,2,1,2018
27.05. 14:30,Dwangwa United,Masters Security,1,4,2018
27.05. 14:30,Karonga United,Moyale Barracks,1,0,2018
27.05. 14:30,Red Lions,Mzuzu Warriors,1,0,2018
26.05. 14:30,Big Bullets,Mzuzu Warriors,0,0,2018
20.05. 14:30,Dwangwa United,Nchalo,4,0,2018
20.05. 14:30,Mzuzu Warriors,Karonga United,0,0,2018
20.05. 14:30,Red Lions,Blue Eagles,1,2,2018
20.05. 14:30,TN Stars,Mighty Tigers,1,0,2018
19.05. 14:30,Civil,Mighty Tigers,1,0,2018
19.05. 14:30,MAFCO,Nchalo,2,1,2018
19.05. 14:30,Masters Security,Silver Strikers,1,2,2018
14.05. 14:30,Civil,Big Bullets,1,2,2018
14.05. 14:30,Mzuzu Warriors,Moyale Barracks,1,1,2018
13.05. 14:30,Mighty Tigers,Red Lions,1,1,2018
12.05. 14:30,Moyale Barracks,Silver Strikers,0,0,2018
12.05. 14:30,TN Stars,Big Bullets,0,4,2018
09.05. 14:30,Civil,Kamuzu Barracks,2,1,2018
06.05. 14:30,MAFCO,Dwangwa United,1,1,2018
06.05. 14:30,Mighty Wanderers,Karonga United,0,0,2018
06.05. 14:30,Red Lions,Kamuzu Barracks,2,3,2018
06.05. 14:30,TN Stars,Masters Security,2,1,2018
05.05. 14:30,Mighty Tigers,Kamuzu Barracks,1,1,2018
01.05. 14:30,Blue Eagles,Masters Security,4,0,2018
01.05. 14:30,Mighty Tigers,Mighty Wanderers,2,0,2018
01.05. 14:30,Nchalo,Big Bullets,1,2,2018
29.04. 14:30,Kamuzu Barracks,Masters Security,1,0,2018
29.04. 14:30,Moyale Barracks,Blue Eagles,1,0,2018
29.04. 14:30,Red Lions,TN Stars,2,2,2018
29.04. 14:30,Silver Strikers,Dwangwa United,3,0,2018
28.04. 14:30,Karonga United,Civil,1,2,2018
28.04. 14:30,Mighty Tigers,MAFCO,3,0,2018
28.04. 14:30,Mighty Wanderers,Big Bullets,0,0,2018
28.04. 14:30,Mzuzu Warriors,Blue Eagles,0,0,2018
28.04. 14:30,Nchalo,TN Stars,2,1,2018
22.04. 14:30,Big Bullets,Moyale Barracks,2,0,2018
22.04. 14:30,Dwangwa United,Mzuzu Warriors,2,0,2018
22.04. 14:30,Red Lions,Karonga United,3,2,2018
22.04. 14:30,Silver Strikers,Kamuzu Barracks,3,0,2018
21.04. 14:30,Blue Eagles,Civil,0,1,2018
21.04. 14:30,MAFCO,Mzuzu Warriors,0,1,2018
21.04. 14:30,Mighty Tigers,Moyale Barracks,3,2,2018
21.04. 14:30,Mighty Wanderers,Masters Security,1,0,2018
21.04. 14:30,Nchalo,Karonga United,0,2,2018
15.04. 14:30,Kamuzu Barracks,Big Bullets,0,1,2018
15.04. 14:30,MAFCO,Red Lions,2,2,2018
15.04. 14:30,Masters Security,Civil,1,1,2018
15.04. 14:30,Moyale Barracks,Nchalo,1,1,2018
14.04. 14:30,Dwangwa United,Red Lions,0,2,2018
14.04. 14:30,Karonga United,Mighty Tigers,0,0,2018
14.04. 14:30,Mzuzu Warriors,Nchalo,0,1,2018
14.04. 14:30,Silver Strikers,Mighty Wanderers,1,2,2018
14.04. 14:30,TN Stars,Blue Eagles,1,4,2018
24.12. 14:30,Red Lions,Mighty Wanderers,1,1,2017
23.12. 14:30Awrd,Big Bullets,Masters Security,2,0,2017
23.12. 14:30,Moyale Barracks,Blue Eagles,1,1,2017
23.12. 14:30,Silver Strikers,Civil,2,1,2017
22.12. 14:30,Kamuzu Barracks,Dwangwa United,4,0,2017
17.12. 14:30,Masters Security,Kamuzu Barracks,3,2,2017
17.12. 14:30,Mighty Tigers,MAFCO,0,0,2017
17.12. 14:30,Moyale Barracks,Wizards,3,0,2017
17.12. 14:30,Red Lions,Mzuzu Warriors,3,0,2017
16.12. 14:30,Blantyre United,Mzuzu Warriors,0,2,2017
16.12. 14:30,Chitipa United,Wizards,1,4,2017
16.12. 14:30,Dwangwa United,Big Bullets,1,2,2017
16.12. 14:30,Kamuzu Barracks,Silver Strikers,1,2,2017
16.12. 14:30,Mighty Wanderers,Masters Security,4,1,2017
10.12. 14:30,Mighty Wanderers,Mzuzu Warriors,3,1,2017
10.12. 14:30,Silver Strikers,MAFCO,1,0,2017
09.12. 14:30,Dwangwa United,Blue Eagles,0,1,2017
08.12. 14:30,Civil,Masters Security,4,0,2017
03.12. 14:30,MAFCO,Big Bullets,1,2,2017
03.12. 14:30,Mighty Tigers,Kamuzu Barracks,1,2,2017
03.12. 14:30,Mighty Wanderers,Dwangwa United,3,2,2017
02.12. 14:30,Blantyre United,Masters Security,3,1,2017
02.12. 14:30,Blue Eagles,Civil,1,2,2017
02.12. 14:30,Red Lions,Chitipa United,2,0,2017
02.12. 14:30,Wizards,Kamuzu Barracks,1,1,2017
26.11. 14:30,Big Bullets,Silver Strikers,1,1,2017
26.11. 14:30,Dwangwa United,MAFCO,2,0,2017
26.11. 14:30,Masters Security,Red Lions,1,3,2017
26.11. 14:30,Mighty Wanderers,Civil,1,1,2017
26.11. 14:30,Moyale Barracks,Mighty Tigers,1,1,2017
25.11. 14:30,Blantyre United,Civil,1,3,2017
25.11. 14:30,Blue Eagles,Red Lions,1,2,2017
25.11. 14:30,Mzuzu Warriors,Chitipa United,2,1,2017
23.11. 14:30,Big Bullets,Mighty Tigers,2,0,2017
23.11. 14:30,Moyale Barracks,Dwangwa United,3,2,2017
19.11. 14:30,Kamuzu Barracks,Blantyre United,3,3,2017
19.11. 14:30,Mzuzu Warriors,Silver Strikers,1,1,2017
18.11. 14:30,Blue Eagles,Blantyre United,1,0,2017
18.11. 14:30,MAFCO,Civil,1,1,2017
18.11. 14:30,Wizards,Red Lions,0,2,2017
13.11. 14:30,Kamuzu Barracks,Chitipa United,4,2,2017
13.11. 14:30,Moyale Barracks,MAFCO,1,1,2017
12.11. 14:30,Civil,Wizards,1,0,2017
12.11. 14:30,Mighty Tigers,Mighty Wanderers,0,1,2017
12.11. 14:30,Mzuzu Warriors,Big Bullets,0,1,2017
12.11. 14:30,Silver Strikers,Chitipa United,3,0,2017
11.11. 14:30,Blantyre United,Red Lions,2,1,2017
11.11. 14:30,Masters Security,Wizards,4,1,2017
06.11. 14:30,Kamuzu Barracks,MAFCO,1,3,2017
05.11. 14:30,Chitipa United,Blantyre United,0,1,2017
05.11. 14:30,Masters Security,Mighty Tigers,0,0,2017
02.11. 14:30,Silver Strikers,Moyale Barracks,1,1,2017
02.11. 14:30,Wizards,Big Bullets,0,1,2017
29.10. 14:30,Dwangwa United,Civil,2,1,2017
29.10. 14:30,Mzuzu Warriors,Blue Eagles,0,1,2017
29.10. 14:30,Wizards,Blantyre United,2,2,2017
28.10. 14:30,Chitipa United,Blue Eagles,2,1,2017
28.10. 14:30,MAFCO,Masters Security,2,2,2017
28.10. 14:30,Mighty Tigers,Red Lions,1,1,2017
28.10. 14:30,Mighty Wanderers,Big Bullets,1,1,2017
22.10. 14:30,Big Bullets,Blue Eagles,3,0,2017
22.10. 14:30,MAFCO,Mzuzu Warriors,2,1,2017
22.10. 14:30,Masters Security,Dwangwa United,2,0,2017
22.10. 14:30,Moyale Barracks,Mighty Wanderers,1,3,2017
22.10. 14:30,Red Lions,Silver Strikers,1,0,2017
21.10. 14:30,Blantyre United,Silver Strikers,1,1,2017
21.10. 14:30,Chitipa United,Mighty Wanderers,0,0,2017
21.10. 14:30,Civil,Kamuzu Barracks,0,1,2017
21.10. 14:30,Mighty Tigers,Blue Eagles,0,2,2017
16.10. 14:30,Silver Strikers,Mighty Tigers,1,0,2017
15.10. 14:30,Big Bullets,Moyale Barracks,1,0,2017
15.10. 14:30,Civil,Mighty Tigers,1,1,2017
15.10. 14:30,Dwangwa United,Red Lions,2,0,2017
15.10. 14:30,Mzuzu Warriors,Masters Security,2,1,2017
14.10. 14:30,Blantyre United,Moyale Barracks,1,4,2017
14.10. 14:30,Chitipa United,Masters Security,1,1,2017
14.10. 14:30,Kamuzu Barracks,Blue Eagles,3,1,2017
14.10. 14:30,MAFCO,Red Lions,1,0,2017
14.10. 14:30,Mighty Wanderers,Wizards,1,0,2017
08.10. 14:30,Blue Eagles,Mighty Wanderers,0,2,2017
08.10. 14:30,MAFCO,Chitipa United,3,0,2017
08.10. 14:30,Mighty Tigers,Mzuzu Warriors,1,1,2017
08.10. 14:30,Moyale Barracks,Kamuzu Barracks,1,2,2017
07.10. 14:30,Big Bullets,Blantyre United,4,0,2017
07.10. 14:30,Dwangwa United,Chitipa United,2,0,2017
07.10. 14:30,Red Lions,Civil,0,1,2017
07.10. 14:30,Silver Strikers,Mighty Wanderers,2,1,2017
07.10. 14:30,Wizards,Mzuzu Warriors,3,1,2017
01.10. 14:30,Dwangwa United,Silver Strikers,1,1,2017
01.10. 14:30,Kamuzu Barracks,Big Bullets,0,3,2017
01.10. 14:30,Mzuzu Warriors,Moyale Barracks,1,0,2017
01.10. 14:30,Wizards,MAFCO,0,1,2017
30.09. 14:30,Blantyre United,Mighty Tigers,0,0,2017
30.09. 14:30,Civil,Big Bullets,0,0,2017
30.09. 14:30,Mighty Wanderers,MAFCO,2,0,2017
29.09. 14:30,Blue Eagles,Masters Security,1,1,2017
24.09. 14:30,Blantyre United,Mighty Wanderers,0,2,2017
24.09. 14:30,Chitipa United,Moyale Barracks,2,3,2017
24.09. 14:30,Kamuzu Barracks,Mzuzu Warriors,0,2,2017
24.09. 14:30,MAFCO,Blue Eagles,0,1,2017
24.09. 14:30,Masters Security,Silver Strikers,1,1,2017
24.09. 14:30,Wizards,Dwangwa United,0,1,2017
23.09. 14:30,Civil,Mzuzu Warriors,1,1,2017
23.09. 14:30,Mighty Tigers,Dwangwa United,0,0,2017
23.09. 14:30,Red Lions,Big Bullets,0,1,2017
17.09. 14:30,Masters Security,Moyale Barracks,1,2,2017
17.09. 14:30,Mighty Tigers,Chitipa United,3,0,2017
17.09. 14:30,Mighty Wanderers,Kamuzu Barracks,1,0,2017
17.09. 14:30,Silver Strikers,Wizards,1,0,2017
16.09. 14:30,Big Bullets,Chitipa United,2,0,2017
16.09. 14:30,Blue Eagles,Wizards,4,1,2017
16.09. 14:30,Civil,Moyale Barracks,3,0,2017
16.09. 14:30,Mzuzu Warriors,Dwangwa United,2,0,2017
16.09. 14:30,Red Lions,Kamuzu Barracks,0,0,2017
11.09. 14:30,Chitipa United,Civil,0,2,2017
10.09. 14:30,Blue Eagles,Silver Strikers,0,0,2017
10.09. 14:30,MAFCO,Blantyre United,3,0,2017
10.09. 14:30,Moyale Barracks,Red Lions,2,1,2017
10.09. 14:30,Wizards,Mighty Tigers,1,2,2017
09.09. 14:30,Dwangwa United,Blantyre United,3,0,2017
03.09. 14:30,Mighty Wanderers,Silver Strikers,0,0,2017
02.09. 14:30,Mighty Tigers,Big Bullets,0,2,2017
27.08. 14:30,Mzuzu Warriors,Mighty Wanderers,0,1,2017
20.08. 14:30,Civil,Silver Strikers,1,2,2017
20.08. 14:30,Red Lions,MAFCO,0,1,2017
19.08. 14:30,Big Bullets,MAFCO,0,0,2017
19.08. 14:30,Blue Eagles,Moyale Barracks,3,1,2017
19.08. 14:30,Kamuzu Barracks,Wizards,1,0,2017
16.08. 14:30,Big Bullets,Red Lions,1,0,2017
16.08. 14:30,Mighty Wanderers,Moyale Barracks,5,1,2017
13.08. 14:30,Chitipa United,MAFCO,2,1,2017
13.08. 14:30,Masters Security,Mzuzu Warriors,3,2,2017
13.08. 14:30,Silver Strikers,Blantyre United,2,0,2017
12.08. 14:30,Dwangwa United,Kamuzu Barracks,3,0,2017
12.08. 14:30,Mighty Tigers,Civil,1,1,2017
12.08. 14:30,Silver Strikers,Mzuzu Warriors,1,0,2017
07.08. 14:30,Chitipa United,Dwangwa United,2,1,2017
06.08. 14:30,Big Bullets,Mighty Wanderers,1,0,2017
06.08. 14:30,Blue Eagles,Mighty Tigers,2,1,2017
06.08. 14:30,Mzuzu Warriors,Civil,1,1,2017
06.08. 14:30,Red Lions,Masters Security,2,1,2017
05.08. 14:30,Kamuzu Barracks,Mighty Tigers,1,0,2017
05.08. 14:30,Moyale Barracks,Civil,0,3,2017
05.08. 14:30,Wizards,Masters Security,3,3,2017
02.08. 14:30,Blue Eagles,Kamuzu Barracks,1,1,2017
30.07. 14:30,Blantyre United,MAFCO,1,2,2017
30.07. 14:30,Chitipa United,Mzuzu Warriors,1,2,2017
30.07. 14:30,Civil,Dwangwa United,6,1,2017
30.07. 14:30,Red Lions,Moyale Barracks,1,1,2017
29.07. 14:30,Kamuzu Barracks,Masters Security,2,3,2017
29.07. 14:30,Mighty Tigers,Wizards,1,0,2017
29.07. 14:30,Silver Strikers,Dwangwa United,3,0,2017
23.07. 14:30,Blantyre United,Wizards,2,0,2017
23.07. 14:30,Masters Security,Chitipa United,0,0,2017
23.07. 14:30,Mighty Wanderers,Blue Eagles,1,0,2017
23.07. 14:30,Moyale Barracks,Mzuzu Warriors,1,0,2017
23.07. 14:30,Silver Strikers,Red Lions,2,1,2017
22.07. 14:30,Big Bullets,Dwangwa United,1,0,2017
22.07. 14:30,Kamuzu Barracks,Red Lions,3,1,2017
22.07. 14:30,MAFCO,Silver Strikers,0,2,2017
22.07. 14:30,Mighty Wanderers,Chitipa United,2,1,2017
16.07. 14:30,MAFCO,Wizards,1,0,2017
16.07. 14:30,Masters Security,Mighty Wanderers,0,1,2017
16.07. 14:30,Moyale Barracks,Blantyre United,1,1,2017
16.07. 14:30,Silver Strikers,Big Bullets,2,1,2017
15.07. 14:30,Civil,Mighty Wanderers,2,0,2017
15.07. 14:30,Dwangwa United,Wizards,1,2,2017
15.07. 14:30,Mzuzu Warriors,Blantyre United,3,1,2017
12.07. 14:30,Blue Eagles,MAFCO,0,0,2017
09.07. 14:30,Blantyre United,Kamuzu Barracks,2,1,2017
09.07. 14:30,Blue Eagles,Chitipa United,3,0,2017
09.07. 14:30,Mighty Tigers,Moyale Barracks,1,1,2017
09.07. 14:30,Mighty Wanderers,Red Lions,2,1,2017
09.07. 14:30,Silver Strikers,Masters Security,1,1,2017
08.07. 14:30,Big Bullets,Kamuzu Barracks,1,0,2017
08.07. 14:30,Civil,Chitipa United,4,2,2017
08.07. 14:30,Wizards,Moyale Barracks,1,2,2017
06.07. 14:30,Mighty Wanderers,Blantyre United,2,0,2017
05.07. 14:30,Silver Strikers,Blue Eagles,1,1,2017
02.07. 14:30,MAFCO,Kamuzu Barracks,0,2,2017
02.07. 14:30,Mighty Wanderers,Mighty Tigers,0,0,2017
02.07. 14:30,Moyale Barracks,Masters Security,2,1,2017
02.07. 14:30,Red Lions,Dwangwa United,1,0,2017
01.07. 14:30,Blantyre United,Dwangwa United,1,2,2017
01.07. 14:30,Civil,Blue Eagles,3,3,2017
01.07. 14:30,Mzuzu Warriors,Wizards,0,1,2017
25.06. 14:30,Big Bullets,Wizards,1,1,2017
25.06. 14:30,Chitipa United,Mighty Tigers,3,2,2017
25.06. 14:30,Kamuzu Barracks,Moyale Barracks,1,0,2017
24.06. 14:30,Blantyre United,Blue Eagles,0,1,2017
24.06. 14:30,Civil,Red Lions,1,0,2017
24.06. 14:30,MAFCO,Dwangwa United,1,1,2017
24.06. 14:30,Mzuzu Warriors,Mighty Tigers,0,1,2017
18.06. 14:30,MAFCO,Mighty Wanderers,0,3,2017
18.06. 14:30,Masters Security,Big Bullets,0,0,2017
18.06. 14:30,Moyale Barracks,Silver Strikers,0,0,2017
17.06. 14:30,Blue Eagles,Big Bullets,1,0,2017
17.06. 14:30,Chitipa United,Silver Strikers,0,2,2017
17.06. 14:30,Dwangwa United,Mighty Wanderers,0,1,2017
17.06. 14:30,Kamuzu Barracks,Civil,1,1,2017
17.06. 14:30,Mighty Tigers,Blantyre United,3,3,2017
11.06. 14:30,Big Bullets,Mzuzu Warriors,2,0,2017
11.06. 14:30,Masters Security,MAFCO,1,1,2017
11.06. 14:30,Moyale Barracks,Chitipa United,1,0,2017
11.06. 14:30,Red Lions,Mighty Tigers,0,0,2017
11.06. 14:30,Silver Strikers,Kamuzu Barracks,2,0,2017
11.06. 14:30,Wizards,Mighty Wanderers,0,1,2017
04.06. 14:30,Blantyre United,Big Bullets,1,2,2017
04.06. 14:30,MAFCO,Moyale Barracks,2,0,2017
04.06. 14:30,Mzuzu Warriors,Kamuzu Barracks,1,1,2017
04.06. 14:30,Red Lions,Blue Eagles,3,0,2017
03.06. 14:30,Chitipa United,Kamuzu Barracks,1,2,2017
03.06. 14:30,Dwangwa United,Moyale Barracks,1,2,2017
03.06. 14:30,Mighty Tigers,Masters Security,3,1,2017
03.06. 14:30,Wizards,Blue Eagles,1,0,2017
28.05. 14:30,Big Bullets,Civil,3,0,2017
28.05. 14:30,Chitipa United,Red Lions,0,1,2017
28.05. 14:30,Dwangwa United,Mighty Tigers,0,4,2017
28.05. 14:30,Masters Security,Blue Eagles,0,2,2017
27.05. 14:30,MAFCO,Mighty Tigers,3,2,2017
27.05. 14:30,Mzuzu Warriors,Red Lions,1,1,2017
27.05. 14:30,Wizards,Civil,1,0,2017
21.05. 14:30,Blue Eagles,Dwangwa United,1,1,2017
21.05. 14:30,Civil,Blantyre United,1,0,2017
21.05. 14:30,Mzuzu Warriors,MAFCO,3,0,2017
20.05. 14:30,Masters Security,Blantyre United,3,1,2017
20.05. 14:30,Red Lions,Wizards,1,1,2017
14.05. 14:30,Blantyre United,Chitipa United,4,0,2017
14.05. 14:30,Dwangwa United,Mzuzu Warriors,1,2,2017
14.05. 14:30,Masters Security,Civil,2,1,2017
13.05. 14:30,Wizards,Chitipa United,2,0,2017
07.05. 14:30,Blue Eagles,Mzuzu Warriors,0,0,2017
07.05. 14:30,Civil,MAFCO,0,1,2017
07.05. 14:30,Mighty Tigers,Silver Strikers,1,1,2017
07.05. 14:30,Moyale Barracks,Big Bullets,1,0,2017
07.05. 14:30,Red Lions,Blantyre United,4,1,2017
06.05. 14:30,Chitipa United,Big Bullets,0,0,2017
06.05. 14:30,Dwangwa United,Masters Security,1,0,2017
06.05. 14:30,Kamuzu Barracks,Mighty Wanderers,0,1,2017
06.05. 14:30,Wizards,Silver Strikers,0,0,2017
31.12. 14:30,Big Bullets,Blue Eagles,1,0,2016
31.12. 14:30,Civo Utd,Mighty Tigers,1,1,2016
31.12. 14:30,Dwangwa United,Kamuzu Barracks,1,4,2016
31.12. 14:30,Mzuzu Warriors,Mighty Wanderers,1,1,2016
31.12. 14:30,Silver Strikers,MAFCO,1,0,2016
24.12. 14:30,Blue Eagles,MAFCO,1,0,2016
24.12. 14:30Awrd,Max Bullets,Civo Utd,0,2,2016
24.12. 14:30,Mighty Wanderers,Silver Strikers,3,2,2016
24.12. 14:30,Moyale Barracks,Civil,4,0,2016
23.12. 14:30,Big Bullets,Civo Utd,1,0,2016
23.12. 14:30,Karonga United,Kamuzu Barracks,0,3,2016
23.12. 14:30,Red Lions,Wizards,0,1,2016
18.12. 14:30,Big Bullets,Dwangwa United,1,0,2016
18.12. 14:30,Blue Eagles,Kamuzu Barracks,0,2,2016
18.12. 14:30,Mighty Tigers,Max Bullets,2,0,2016
18.12. 14:30,Mzuzu Warriors,Red Lions,0,0,2016
18.12. 14:30,Silver Strikers,Karonga United,5,0,2016
18.12. 14:30,Wizards,Moyale Barracks,1,2,2016
17.12. 14:30,Civil,Karonga United,2,4,2016
17.12. 14:30,MAFCO,Civo Utd,1,0,2016
17.12. 14:30,Mighty Wanderers,Moyale Barracks,1,1,2016
11.12. 14:30,Civil,Big Bullets,0,1,2016
11.12. 14:30,MAFCO,Wizards,0,0,2016
11.12. 14:30,Moyale Barracks,Silver Strikers,0,1,2016
10.12. 14:30,Dwangwa United,Wizards,2,0,2016
10.12. 14:30,Mzuzu Warriors,Mighty Tigers,0,0,2016
04.12. 14:30,Civil,Red Lions,0,1,2016
04.12. 14:30,Karonga United,Moyale Barracks,0,2,2016
04.12. 14:30,Max Bullets,Mighty Wanderers,0,2,2016
03.12. 14:30,Civo Utd,Kamuzu Barracks,0,1,2016
03.12. 14:30,Silver Strikers,Red Lions,2,1,2016
03.12. 14:30,Wizards,Mighty Tigers,0,5,2016
30.11. 14:30,Civo Utd,Blue Eagles,0,1,2016
27.11. 14:30,Big Bullets,MAFCO,2,0,2016
27.11. 14:30,Blue Eagles,Mighty Tigers,0,1,2016
27.11. 14:30,Moyale Barracks,Dwangwa United,0,0,2016
27.11. 14:30,Wizards,Silver Strikers,0,0,2016
26.11. 14:30,Kamuzu Barracks,Mighty Tigers,3,1,2016
26.11. 14:30Awrd,Karonga United,Max Bullets,2,0,2016
26.11. 14:30,Red Lions,MAFCO,1,1,2016
24.11. 14:30,Blue Eagles,Mighty Wanderers,2,1,2016
23.11. 14:30,Kamuzu Barracks,Silver Strikers,4,2,2016
20.11. 14:30,Mzuzu Warriors,Dwangwa United,1,3,2016
20.11. 14:30,Red Lions,Moyale Barracks,2,1,2016
19.11. 14:30Awrd,Max Bullets,Moyale Barracks,0,2,2016
13.11. 14:30,Dwangwa United,MAFCO,2,2,2016
13.11. 14:30,Mighty Wanderers,Civil,4,1,2016
13.11. 14:30,Red Lions,Karonga United,2,1,2016
13.11. 14:30,Wizards,Mzuzu Warriors,2,1,2016
12.11. 14:30,Big Bullets,Karonga United,4,3,2016
12.11. 14:30,Kamuzu Barracks,Moyale Barracks,2,0,2016
12.11. 14:30,Max Bullets,Mzuzu Warriors,0,2,2016
12.11. 14:30,Mighty Tigers,Civil,1,1,2016
09.11. 14:30,Blue Eagles,Dwangwa United,2,1,2016
30.10. 14:30,Civil,Mzuzu Warriors,3,2,2016
30.10. 14:30Awrd,Dwangwa United,Max Bullets,2,0,2016
30.10. 14:30,Karonga United,Blue Eagles,2,1,2016
30.10. 14:30,Mighty Tigers,Mighty Wanderers,0,2,2016
30.10. 14:30,Silver Strikers,Big Bullets,0,0,2016
29.10. 14:30,Civo Utd,Mzuzu Warriors,1,1,2016
29.10. 14:30Awrd,MAFCO,Max Bullets,2,0,2016
29.10. 14:30,Moyale Barracks,Blue Eagles,0,1,2016
29.10. 14:30,Wizards,Kamuzu Barracks,1,0,2016
23.10. 14:30,MAFCO,Karonga United,3,1,2016
23.10. 14:30,Max Bullets,Red Lions,0,2,2016
23.10. 14:30,Mighty Tigers,Big Bullets,0,0,2016
23.10. 14:30,Silver Strikers,Civo Utd,0,0,2016
22.10. 14:30,Kamuzu Barracks,Civil,1,0,2016
22.10. 14:30,Mighty Wanderers,Wizards,2,0,2016
17.10. 14:30,Big Bullets,Red Lions,3,3,2016
17.10. 14:30,Civil,Silver Strikers,0,0,2016
17.10. 14:30,Dwangwa United,Civo Utd,3,1,2016
17.10. 14:30,Karonga United,Mzuzu Warriors,0,1,2016
16.10. 14:30,Kamuzu Barracks,Mighty Wanderers,2,1,2016
16.10. 14:30,Moyale Barracks,MAFCO,3,0,2016
16.10. 14:30,Wizards,Blue Eagles,0,2,2016
15.10. 14:30,Civo Utd,Mighty Wanderers,1,2,2016
15.10. 14:30,Max Bullets,Big Bullets,0,3,2016
15.10. 14:30,Mzuzu Warriors,MAFCO,2,2,2016
15.10. 14:30,Red Lions,Blue Eagles,2,1,2016
15.10. 14:30,Silver Strikers,Dwangwa United,3,0,2016
09.10. 14:30,Blue Eagles,Max Bullets,1,1,2016
09.10. 14:30,Karonga United,Wizards,1,1,2016
09.10. 14:30,Mighty Tigers,Silver Strikers,1,1,2016
09.10. 14:30,Red Lions,Dwangwa United,1,0,2016
08.10. 14:30,Civil,Max Bullets,3,0,2016
08.10. 14:30,Mighty Wanderers,Big Bullets,0,1,2016
25.09. 14:30,Dwangwa United,Mighty Wanderers,0,0,2016
25.09. 14:30,Kamuzu Barracks,Mzuzu Warriors,1,0,2016
25.09. 14:30,Mighty Tigers,Red Lions,0,1,2016
25.09. 14:30,Moyale Barracks,Civo Utd,0,0,2016
24.09. 14:30,Civil,Wizards,2,1,2016
24.09. 14:30,Karonga United,Civo Utd,1,0,2016
24.09. 14:30,MAFCO,Mighty Wanderers,2,1,2016
24.09. 14:30,Silver Strikers,Mzuzu Warriors,2,1,2016
18.09. 14:30,Kamuzu Barracks,Red Lions,2,0,2016
18.09. 14:30,MAFCO,Civil,1,0,2016
18.09. 14:30,Max Bullets,Wizards,1,2,2016
18.09. 14:30,Mighty Tigers,Karonga United,7,1,2016
18.09. 14:30,Mzuzu Warriors,Big Bullets,0,0,2016
17.09. 14:30,Blue Eagles,Silver Strikers,0,0,2016
17.09. 14:30,Civo Utd,Red Lions,1,1,2016
17.09. 14:30,Dwangwa United,Civil,3,1,2016
17.09. 14:30,Mighty Wanderers,Karonga United,4,0,2016
17.09. 14:30,Moyale Barracks,Big Bullets,0,0,2016
14.09. 14:30,Red Lions,Mighty Wanderers,1,1,2016
14.09. 14:30,Silver Strikers,Max Bullets,4,0,2016
11.09. 14:30,Big Bullets,Kamuzu Barracks,4,1,2016
11.09. 14:30,Civil,Blue Eagles,0,0,2016
11.09. 14:30,MAFCO,Mighty Tigers,2,1,2016
11.09. 14:30,Moyale Barracks,Mzuzu Warriors,1,1,2016
10.09. 14:30,Dwangwa United,Mighty Tigers,0,0,2016
10.09. 14:30,Max Bullets,Kamuzu Barracks,0,2,2016
10.09. 14:30,Wizards,Civo Utd,1,0,2016
07.09. 14:30,Wizards,Big Bullets,0,2,2016
05.09. 14:30,Kamuzu Barracks,MAFCO,1,0,2016
05.09. 14:30,Karonga United,Dwangwa United,3,2,2016
03.09. 14:30,Civo Utd,Civil,0,0,2016
03.09. 14:30,Mighty Tigers,Moyale Barracks,1,0,2016
03.09. 14:30,Mzuzu Warriors,Blue Eagles,0,0,2016
14.08. 14:30,Dwangwa United,Big Bullets,0,0,2016
14.08. 14:30,Mighty Wanderers,Mzuzu Warriors,2,4,2016
10.08. 14:30,Blue Eagles,Wizards,6,0,2016
07.08. 14:30,Big Bullets,Mighty Tigers,1,1,2016
07.08. 14:30,MAFCO,Silver Strikers,3,0,2016
06.08. 14:30,Civil,Mighty Wanderers,2,2,2016
31.07. 14:30,Blue Eagles,Big Bullets,0,0,2016
31.07. 14:30,Karonga United,Red Lions,2,1,2016
31.07. 14:30,Max Bullets,MAFCO,3,2,2016
30.07. 14:30,Civo Utd,Dwangwa United,1,2,2016
30.07. 14:30,Mighty Wanderers,Kamuzu Barracks,2,1,2016
30.07. 14:30,Moyale Barracks,Red Lions,1,0,2016
24.07. 14:30,Big Bullets,Silver Strikers,2,1,2016
24.07. 14:30,Civil,Mighty Tigers,0,0,2016
24.07. 14:30,Dwangwa United,Karonga United,1,1,2016
24.07. 14:30,Moyale Barracks,Wizards,2,0,2016
23.07. 14:30,Civo Utd,Karonga United,2,2,2016
23.07. 14:30,Max Bullets,Silver Strikers,0,3,2016
23.07. 14:30,Mighty Wanderers,Blue Eagles,1,2,2016
23.07. 14:30,Mzuzu Warriors,Wizards,1,0,2016
20.07. 14:30,Big Bullets,Max Bullets,5,1,2016
17.07. 14:30,MAFCO,Blue Eagles,2,1,2016
17.07. 14:30,Wizards,Mighty Wanderers,0,4,2016
16.07. 14:30,Dwangwa United,Silver Strikers,0,1,2016
16.07. 14:30,Red Lions,Mzuzu Warriors,2,2,2016
10.07. 14:30,Civo Utd,Big Bullets,0,2,2016
10.07. 14:30,Karonga United,MAFCO,0,5,2016
10.07. 14:30,Mighty Wanderers,Mighty Tigers,2,1,2016
09.07. 14:30,Kamuzu Barracks,Big Bullets,1,0,2016
09.07. 14:30,Wizards,Civil,0,1,2016
06.07. 14:30,Mighty Wanderers,Max Bullets,2,0,2016
03.07. 14:30,Big Bullets,Wizards,1,1,2016
03.07. 14:30,Kamuzu Barracks,Karonga United,4,1,2016
03.07. 14:30,Mighty Tigers,MAFCO,1,1,2016
02.07. 14:30,Blue Eagles,Karonga United,3,1,2016
02.07. 14:30,Red Lions,Civo Utd,4,0,2016
26.06. 14:30,Civil,Moyale Barracks,3,5,2016
26.06. 14:30,Dwangwa United,Mzuzu Warriors,1,2,2016
26.06. 14:30,Karonga United,Big Bullets,1,0,2016
26.06. 14:30,Mighty Tigers,Wizards,0,0,2016
25.06. 14:30,Blue Eagles,Mzuzu Warriors,1,1,2016
25.06. 14:30,MAFCO,Kamuzu Barracks,1,1,2016
25.06. 14:30,Mighty Wanderers,Red Lions,3,1,2016
25.06. 14:30,Silver Strikers,Moyale Barracks,3,1,2016
19.06. 14:30,Civo Utd,Wizards,1,0,2016
19.06. 14:30,Moyale Barracks,Mighty Tigers,0,0,2016
19.06. 14:30,Red Lions,Max Bullets,2,1,2016
18.06. 14:30,Civil,MAFCO,1,0,2016
18.06. 14:30,Karonga United,Mighty Tigers,0,1,2016
18.06. 14:30,Silver Strikers,Kamuzu Barracks,0,0,2016
12.06. 14:30,Dwangwa United,Moyale Barracks,1,2,2016
12.06. 14:30,Karonga United,Civil,0,1,2016
12.06. 14:30,Red Lions,Kamuzu Barracks,1,1,2016
11.06. 14:30,Blue Eagles,Civo Utd,2,0,2016
11.06. 14:30,MAFCO,Moyale Barracks,1,0,2016
11.06. 14:30,Mighty Tigers,Kamuzu Barracks,1,0,2016
11.06. 14:30,Mzuzu Warriors,Civil,0,1,2016
05.06. 14:30,Civo Utd,Max Bullets,1,0,2016
05.06. 14:30,Mzuzu Warriors,Karonga United,1,0,2016
05.06. 14:30,Wizards,Dwangwa United,1,0,2016
04.06. 14:30,Kamuzu Barracks,Max Bullets,2,0,2016
04.06. 14:30,Mighty Tigers,Dwangwa United,1,2,2016
04.06. 14:30,Moyale Barracks,Karonga United,4,0,2016
04.06. 14:30,Silver Strikers,Civil,2,0,2016
29.05. 14:30,Kamuzu Barracks,Blue Eagles,4,0,2016
29.05. 14:30,Wizards,Karonga United,0,0,2016
28.05. 14:30,Max Bullets,Karonga United,1,1,2016
28.05. 14:30,Mzuzu Warriors,Civo Utd,1,0,2016
28.05. 14:30,Red Lions,Silver Strikers,1,2,2016
23.05. 14:30,Moyale Barracks,Mighty Wanderers,2,2,2016
22.05. 14:30,Dwangwa United,Red Lions,0,1,2016
22.05. 14:30,Karonga United,Mighty Wanderers,0,0,2016
22.05. 14:30,Mighty Tigers,Mzuzu Warriors,2,0,2016
22.05. 14:30,Silver Strikers,Blue Eagles,2,1,2016
22.05. 14:30,Wizards,Max Bullets,2,0,2016
21.05. 14:30,Big Bullets,Mzuzu Warriors,2,0,2016
21.05. 14:30,Civil,Civo Utd,0,1,2016
21.05. 14:30,MAFCO,Red Lions,1,0,2016
15.05. 14:30,Blue Eagles,Moyale Barracks,1,0,2016
15.05. 14:30,Kamuzu Barracks,Dwangwa United,5,1,2016
15.05. 14:30,Karonga United,Silver Strikers,0,3,2016
15.05. 14:30,Max Bullets,Civil,0,0,2016
15.05. 14:30,Mighty Wanderers,MAFCO,2,3,2016
14.05. 14:30,Big Bullets,Civil,2,0,2016
14.05. 14:30,Civo Utd,Moyale Barracks,1,2,2016
14.05. 14:30,Mzuzu Warriors,Silver Strikers,0,0,2016
14.05. 14:30,Red Lions,Mighty Tigers,0,3,2016
14.05. 14:30,Wizards,MAFCO,1,3,2016
08.05. 14:30,Blue Eagles,Red Lions,3,0,2016
08.05. 14:30,Kamuzu Barracks,Wizards,2,0,2016
08.05. 14:30,MAFCO,Big Bullets,2,2,2016
08.05. 14:30,Mighty Tigers,Civo Utd,0,0,2016
08.05. 14:30,Moyale Barracks,Max Bullets,3,2,2016
07.05. 14:30,Civil,Dwangwa United,3,0,2016
07.05. 14:30,Mighty Wanderers,Civo Utd,0,0,2016
07.05. 14:30,Mzuzu Warriors,Max Bullets,2,0,2016
07.05. 14:30,Silver Strikers,Wizards,2,1,2016
02.05. 14:30,Civil,Kamuzu Barracks,4,1,2016
02.05. 14:30,Wizards,Red Lions,1,0,2016
01.05. 14:30,Civo Utd,Silver Strikers,1,2,2016
01.05. 14:30,Dwangwa United,MAFCO,2,2,2016
01.05. 14:30,Max Bullets,Blue Eagles,3,5,2016
01.05. 14:30,Mzuzu Warriors,Moyale Barracks,1,0,2016
30.04. 14:30,Big Bullets,Mighty Wanderers,1,1,2016
30.04. 14:30,Mighty Tigers,Blue Eagles,0,1,2016
24.04. 14:30,Civo Utd,MAFCO,3,2,2016
24.04. 14:30,Max Bullets,Dwangwa United,0,0,2016
24.04. 14:30,Mzuzu Warriors,Kamuzu Barracks,3,1,2016
24.04. 14:30,Red Lions,Big Bullets,1,2,2016
23.04. 14:30,Blue Eagles,Civil,2,1,2016
23.04. 14:30,Mighty Wanderers,Dwangwa United,1,1,2016
23.04. 14:30,Moyale Barracks,Kamuzu Barracks,3,1,2016
23.04. 14:30,Silver Strikers,Mighty Tigers,0,1,2016
17.04. 14:30,Dwangwa United,Blue Eagles,0,1,2016
17.04. 14:30,Mighty Tigers,Max Bullets,2,2,2016
17.04. 14:30,Red Lions,Civil,1,0,2016
17.04. 14:30,Silver Strikers,Mighty Wanderers,1,2,2016
16.04. 14:30,Big Bullets,Moyale Barracks,0,0,2016
16.04. 14:30,Kamuzu Barracks,Civo Utd,2,2,2016
16.04. 14:30,MAFCO,Mzuzu Warriors,1,0,2016
27.12. 14:30,Civo Utd,Big Bullets,1,3,2015
24.12. 14:30,Mighty Wanderers,Red Lions,1,0,2015
24.12. 14:30,Moyale Barracks,Blue Eagles,0,0,2015
24.12. 14:30,Silver Strikers,Mighty Tigers,1,1,2015
20.12. 14:30,Airborne Rangers,Mighty Wanderers,2,3,2015
20.12. 14:30,Blue Eagles,Surestream,5,1,2015
20.12. 14:30,Kamuzu Barracks,Red Lions,0,2,2015
20.12. 14:30,Mighty Tigers,Civo Utd,2,1,2015
19.12. 14:30,Civil,Dedza Young,2,1,2015
19.12. 14:30,MAFCO,Mzuzu Warriors,2,0,2015
16.12. 14:30,Surestream,Big Bullets,0,2,2015
13.12. 14:30,Blue Eagles,Silver Strikers,0,0,2015
13.12. 14:30,Civil,MAFCO,4,3,2015
13.12. 14:30,Mighty Wanderers,Surestream,3,1,2015
13.12. 14:30,Red Lions,Mzuzu Warriors,1,0,2015
12.12. 14:30,Big Bullets,Mzuzu Warriors,2,0,2015
12.12. 14:30,Civo Utd,Moyale Barracks,1,0,2015
11.12. 14:30,Kamuzu Barracks,Dedza Young,0,2,2015
11.12. 14:30,Mighty Tigers,Airborne Rangers,2,1,2015
09.12. 14:30,Red Lions,Blue Eagles,0,1,2015
06.12. 14:30,Blue Eagles,Big Bullets,3,0,2015
06.12. 14:30,Dedza Young,Mighty Wanderers,0,2,2015
06.12. 14:30,Mighty Tigers,Surestream,1,0,2015
06.12. 14:30,Mzuzu Warriors,Civil,2,1,2015
05.12. 14:30,Kamuzu Barracks,MAFCO,0,0,2015
05.12. 14:30,Moyale Barracks,Civil,0,0,2015
05.12. 14:30,Red Lions,Airborne Rangers,3,0,2015
29.11. 14:30,Civil,Mighty Wanderers,1,1,2015
29.11. 14:30,MAFCO,Civo Utd,3,0,2015
29.11. 14:30,Mighty Tigers,Moyale Barracks,0,1,2015
28.11. 14:30,Airborne Rangers,Mzuzu Warriors,1,2,2015
28.11. 14:30,Silver Strikers,Mighty Wanderers,1,0,2015
28.11. 14:30,Surestream,Dedza Young,3,0,2015
22.11. 14:30,Dedza Young,Civo Utd,1,0,2015
22.11. 14:30,Kamuzu Barracks,Airborne Rangers,1,2,2015
21.11. 14:30,MAFCO,Surestream,3,2,2015
21.11. 14:30,Mighty Wanderers,Blue Eagles,2,2,2015
18.11. 14:30,Airborne Rangers,Silver Strikers,0,0,2015
18.11. 14:30,Big Bullets,Mighty Tigers,2,1,2015
15.11. 14:30,Big Bullets,Kamuzu Barracks,2,0,2015
15.11. 14:30,Civil,Blue Eagles,1,0,2015
15.11. 14:30,Moyale Barracks,Mighty Wanderers,1,1,2015
15.11. 14:30,Silver Strikers,Red Lions,1,1,2015
14.11. 14:30,Civo Utd,Red Lions,4,1,2015
14.11. 14:30,Dedza Young,Blue Eagles,1,0,2015
14.11. 14:30,Mzuzu Warriors,Mighty Wanderers,3,0,2015
14.11. 14:30,Surestream,Kamuzu Barracks,1,0,2015
08.11. 14:30,Blue Eagles,Mighty Tigers,3,1,2015
08.11. 14:30,Dedza Young,Big Bullets,1,1,2015
08.11. 14:30,Red Lions,MAFCO,1,3,2015
08.11. 14:30,Silver Strikers,Kamuzu Barracks,2,2,2015
07.11. 14:30,Civil,Big Bullets,0,1,2015
07.11. 14:30,Mighty Wanderers,MAFCO,2,1,2015
06.11. 14:30,Civo Utd,Airborne Rangers,0,0,2015
01.11. 14:30,Airborne Rangers,Dedza Young,2,1,2015
01.11. 14:30,Mzuzu Warriors,Moyale Barracks,2,1,2015
01.11. 14:30,Surestream,Silver Strikers,2,2,2015
31.10. 14:30,Big Bullets,Silver Strikers,2,0,2015
30.10. 14:30,Kamuzu Barracks,Civil,2,1,2015
25.10. 15:30,Big Bullets,Moyale Barracks,3,1,2015
25.10. 14:30,Blue Eagles,Kamuzu Barracks,2,1,2015
25.10. 14:30,Dedza Young,MAFCO,0,1,2015
25.10. 14:30,Surestream,Airborne Rangers,2,0,2015
24.10. 14:30,Mighty Wanderers,Mighty Tigers,1,1,2015
24.10. 14:30,Red Lions,Moyale Barracks,1,2,2015
24.10. 13:30,Civo Utd,Silver Strikers,1,2,2015
18.10. 14:30,Airborne Rangers,Big Bullets,2,1,2015
18.10. 14:30,Civil,Civo Utd,1,1,2015
18.10. 14:30,Mighty Tigers,Red Lions,0,0,2015
18.10. 14:30,Mzuzu Warriors,Kamuzu Barracks,0,1,2015
17.10. 14:30,Moyale Barracks,Kamuzu Barracks,1,1,2015
15.10. 14:30,Silver Strikers,MAFCO,0,1,2015
11.10. 14:30,Dedza Young,Mighty Tigers,1,1,2015
10.10. 14:30,Blue Eagles,Mzuzu Warriors,1,1,2015
10.10. 14:30,MAFCO,Moyale Barracks,0,3,2015
10.10. 14:30,Red Lions,Surestream,2,1,2015
10.10. 14:30,Silver Strikers,Civil,4,0,2015
09.10. 14:30,Airborne Rangers,Moyale Barracks,1,1,2015
09.10. 14:30,Civo Utd,Mzuzu Warriors,2,0,2015
04.10. 14:30,Kamuzu Barracks,Civo Utd,0,0,2015
04.10. 14:30,Moyale Barracks,Dedza Young,0,1,2015
04.10. 14:30,Surestream,Civil,0,1,2015
03.10. 14:30,Big Bullets,Mighty Wanderers,1,0,2015
03.10. 14:30,MAFCO,Blue Eagles,4,1,2015
03.10. 14:30,Mzuzu Warriors,Dedza Young,2,1,2015
03.10. 14:30,Red Lions,Civil,2,1,2015
27.09. 14:30,MAFCO,Airborne Rangers,2,1,2015
26.09. 12:30,Mighty Tigers,Mzuzu Warriors,0,0,2015
20.09. 12:30,Big Bullets,Red Lions,4,2,2015
20.09. 12:30,Mzuzu Warriors,Surestream,0,0,2015
20.09. 12:30,Silver Strikers,Dedza Young,2,1,2015
19.09. 14:30,Moyale Barracks,Surestream,0,0,2015
19.09. 12:30,Airborne Rangers,Civil,0,1,2015
19.09. 12:30,Civo Utd,Blue Eagles,1,4,2015
19.09. 12:30,Mighty Tigers,MAFCO,0,1,2015
19.09. 12:30,Mighty Wanderers,Kamuzu Barracks,0,1,2015
14.09. 14:30,Moyale Barracks,Silver Strikers,0,1,2015
13.09. 14:30,Blue Eagles,Airborne Rangers,3,0,2015
13.09. 14:30,Civil,Mighty Tigers,1,1,2015
13.09. 14:30,Dedza Young,Red Lions,0,2,2015
13.09. 14:30,Mighty Wanderers,Civo Utd,0,1,2015
13.09. 14:30,Mzuzu Warriors,Silver Strikers,0,2,2015
12.09. 14:30,Kamuzu Barracks,Mighty Tigers,0,0,2015
12.09. 14:30,MAFCO,Big Bullets,0,1,2015
12.09. 14:30,Surestream,Civo Utd,0,1,2015
26.07. 16:30,Civo Utd,Surestream,0,0,2015
25.07. 16:30,Kamuzu Barracks,Surestream,0,0,2015
19.07. 14:30,MAFCO,Kamuzu Barracks,1,3,2015
19.07. 14:30,Mighty Tigers,Civil,4,0,2015
19.07. 14:30,Moyale Barracks,Civo Utd,1,0,2015
19.07. 14:30,Silver Strikers,Surestream,1,1,2015
18.07. 14:30,Big Bullets,Civil,4,1,2015
18.07. 14:30,Dedza Young,Surestream,3,2,2015
18.07. 14:30,Mzuzu Warriors,Civo Utd,0,1,2015
18.07. 14:30,Red Lions,Mighty Wanderers,1,1,2015
15.07. 14:30,Dedza Young,Airborne Rangers,1,1,2015
15.07. 14:30,Kamuzu Barracks,Blue Eagles,1,0,2015
12.07. 14:30,MAFCO,Civil,3,2,2015
12.07. 14:30,Mighty Tigers,Dedza Young,4,1,2015
12.07. 14:30,Mighty Wanderers,Moyale Barracks,1,1,2015
11.07. 14:30,Big Bullets,Airborne Rangers,1,0,2015
11.07. 14:30,Civo Utd,Kamuzu Barracks,2,1,2015
11.07. 14:30,Mzuzu Warriors,Blue Eagles,2,0,2015
11.07. 14:30,Surestream,Moyale Barracks,0,1,2015
05.07. 14:30,Civil,Red Lions,2,3,2015
05.07. 14:30,Mzuzu Warriors,Mighty Tigers,1,2,2015
05.07. 14:30,Silver Strikers,Blue Eagles,2,3,2015
04.07. 14:30,Civo Utd,Dedza Young,3,1,2015
04.07. 14:30,MAFCO,Red Lions,3,3,2015
04.07. 14:30,Mighty Wanderers,Airborne Rangers,1,0,2015
04.07. 14:30,Moyale Barracks,Mighty Tigers,4,0,2015
28.06. 14:30,Airborne Rangers,Blue Eagles,2,0,2015
28.06. 14:30,Mighty Tigers,Kamuzu Barracks,0,1,2015
28.06. 14:30,Moyale Barracks,MAFCO,0,0,2015
28.06. 14:30,Red Lions,Dedza Young,1,1,2015
28.06. 14:30,Silver Strikers,Civo Utd,0,2,2015
27.06. 14:30,Blue Eagles,Civil,2,1,2015
27.06. 14:30,Mighty Wanderers,Big Bullets,1,2,2015
27.06. 14:30,Mzuzu Warriors,MAFCO,0,2,2015
21.06. 14:30,Dedza Young,Kamuzu Barracks,1,0,2015
21.06. 14:30,Mighty Wanderers,Silver Strikers,0,2,2015
21.06. 14:30,Mzuzu Warriors,Red Lions,1,2,2015
20.06. 14:30,Big Bullets,Civo Utd,2,1,2015
20.06. 14:30,Civil,Airborne Rangers,1,0,2015
20.06. 14:30,Mighty Tigers,Silver Strikers,1,0,2015
20.06. 14:30,Moyale Barracks,Red Lions,1,2,2015
14.06. 14:30,Big Bullets,Blue Eagles,1,1,2015
14.06. 14:30,Civil,Silver Strikers,1,0,2015
14.06. 14:30,Mighty Wanderers,Dedza Young,3,0,2015
07.06. 14:30,Airborne Rangers,MAFCO,0,0,2015
07.06. 14:30,Blue Eagles,Civo Utd,1,1,2015
07.06. 14:30,Mighty Wanderers,Mzuzu Warriors,2,1,2015
06.06. 14:30,Civil,Kamuzu Barracks,3,5,2015
06.06. 14:30,Dedza Young,Silver Strikers,0,4,2015
06.06. 14:30,Mighty Tigers,Big Bullets,1,2,2015
06.06. 14:30,Surestream,Mzuzu Warriors,2,0,2015
31.05. 14:30,Civil,Surestream,0,0,2015
31.05. 14:30,Moyale Barracks,Big Bullets,1,1,2015
30.05. 14:30,Airborne Rangers,Surestream,2,1,2015
30.05. 14:30,Blue Eagles,Dedza Young,3,1,2015
30.05. 14:30,Kamuzu Barracks,Silver Strikers,0,0,2015
30.05. 14:30,Mzuzu Warriors,Big Bullets,1,1,2015
30.05. 14:30,Red Lions,Mighty Tigers,1,2,2015
24.05. 14:30,Blue Eagles,Mighty Wanderers,1,1,2015
24.05. 14:30,Mzuzu Warriors,Airborne Rangers,0,0,2015
24.05. 14:30,Red Lions,Silver Strikers,1,2,2015
24.05. 14:30,Surestream,MAFCO,1,1,2015
23.05. 14:30,Big Bullets,MAFCO,1,0,2015
23.05. 14:30,Civo Utd,Civil,1,1,2015
23.05. 14:30,Kamuzu Barracks,Mighty Wanderers,1,1,2015
23.05. 14:30,Moyale Barracks,Airborne Rangers,2,0,2015
17.05. 14:30,Civo Utd,Mighty Wanderers,0,1,2015
17.05. 14:30,Red Lions,Big Bullets,1,1,2015
16.05. 14:30,MAFCO,Mighty Wanderers,1,2,2015
16.05. 14:30,Mighty Tigers,Surestream,2,0,2015
16.05. 14:30,Silver Strikers,Moyale Barracks,3,1,2015
14.05. 14:30,Big Bullets,Dedza Young,5,2,2015
14.05. 14:30,Blue Eagles,MAFCO,1,0,2015
14.05. 14:30,Red Lions,Kamuzu Barracks,0,3,2015
14.05. 14:30,Silver Strikers,Airborne Rangers,1,0,2015
10.05. 16:30,Airborne Rangers,Kamuzu Barracks,2,1,2015
10.05. 16:30,Civo Utd,MAFCO,0,1,2015
10.05. 16:30,Dedza Young,Civil,2,1,2015
10.05. 16:30,Moyale Barracks,Mzuzu Warriors,2,3,2015
10.05. 16:30,Surestream,Red Lions,2,2,2015
09.05. 16:30,Mighty Tigers,Blue Eagles,1,1,2015
03.05. 14:30,Civo Utd,Mighty Tigers,0,1,2015
03.05. 14:30,MAFCO,Dedza Young,2,0,2015
03.05. 14:30,Silver Strikers,Mzuzu Warriors,2,0,2015
02.05. 14:30,Civil,Mzuzu Warriors,0,1,2015
02.05. 14:30,Kamuzu Barracks,Big Bullets,1,1,2015
02.05. 14:30,Surestream,Mighty Wanderers,0,1,2015
01.05. 14:30,Airborne Rangers,Civo Utd,0,0,2015
01.05. 14:30,Blue Eagles,Red Lions,1,1,2015
26.04. 14:30,Airborne Rangers,Red Lions,1,4,2015
26.04. 14:30,Big Bullets,Surestream,3,1,2015
26.04. 14:30,Civil,Moyale Barracks,2,1,2015
26.04. 14:30,Kamuzu Barracks,Mzuzu Warriors,1,0,2015
25.04. 14:30,Blue Eagles,Moyale Barracks,2,0,2015
25.04. 14:30,Dedza Young,Mzuzu Warriors,3,0,2015
25.04. 14:30,MAFCO,Silver Strikers,3,1,2015
25.04. 14:30,Mighty Tigers,Mighty Wanderers,2,2,2015
19.04. 14:30,Kamuzu Barracks,Moyale Barracks,0,1,2015
19.04. 14:30,MAFCO,Mighty Tigers,1,0,2015
19.04. 14:30,Mighty Wanderers,Civil,3,1,2015
18.04. 14:30,Airborne Rangers,Mighty Tigers,1,2,2015
18.04. 14:30,Dedza Young,Moyale Barracks,1,1,2015
18.04. 14:30,Red Lions,Civo Utd,2,0,2015
18.04. 14:30,Silver Strikers,Big Bullets,1,2,2015
18.04. 14:30,Surestream,Blue Eagles,2,4,2015
