title,genre,released_year,artist,produced_by,song_cover,song_link
Handede,Afro,2023,Merchah,Chawa Beats,https://da70jmtbwpiws.cloudfront.net/Merchah Handede.jpg,https://da70jmtbwpiws.cloudfront.net/10.Merchah - Handede (Prod by Chawa Beats).mp3
Loss,Afro,2023,Kell Kay feat Hyphen and Eli Njuchi,Tricky Beats,https://da70jmtbwpiws.cloudfront.net/Kell Kay featHyphen and Eli Njuchi.jpg,https://da70jmtbwpiws.cloudfront.net/1.Kell Kay feat Hyphen and Eli Njuchi - Loss (Prod by Tricky Beats).mp3
Drip Day ,HipHop,2023,Inno BlaQ & Juju Matrix feat Bee Jay,ChuxTpat$ePlan & Veda,https://da70jmtbwpiws.cloudfront.net/Inno BlaQ & Juju Matrix feat Bee Jay Drip Day.jpg,https://da70jmtbwpiws.cloudfront.net/Inno BlaQ & Juju Matrix feat Bee Jay - Drip Day (Prod by ChuxTpat$ePlan & Veda).mp3
Akudwala,DanceHall,2023,Kay Stevoh,DJ Langie,https://da70jmtbwpiws.cloudfront.net/Kay Stevoh Akudwala.jpg,https://da70jmtbwpiws.cloudfront.net/9.Kay Stevoh - Akudwala (Prod by DJ Langie).mp3
About Me,HipHop/Trap,2023,Charisma,BFB,https://da70jmtbwpiws.cloudfront.net/Charisma About Me.jpg,https://da70jmtbwpiws.cloudfront.net/7.Charisma - About Me (Prod by BFB).mp3
Phe Phe,HipHop,2023,Bee Jay,ToniCity & ChuxTpat$ePlan,https://da70jmtbwpiws.cloudfront.net/Bee Jay Phe Phe.jpg,https://da70jmtbwpiws.cloudfront.net/5.Bee Jay - Phe Phe (Prod by ToniCity & ChuxTpat$ePlan).mp3
Yomweyo,Amapiano,2023,Janta feat Big Xhosa x Zeze Kingston x Henwood -,S.U Records & Henwood,https://da70jmtbwpiws.cloudfront.net/Janta feat Big Xhosa x Zeze Kingston x Henwood Yomweyo.jpg,https://da70jmtbwpiws.cloudfront.net/Janta feat Big Xhosa x Zeze Kingston x Henwood - Yomweyo (Prod by S.U Records& Henwood).mp3
Zolandila,Drill/Hiphop,2023,Yashie The Kid ,STML,https://da70jmtbwpiws.cloudfront.net/Yashie The Kid Zolandira-min.jpg,https://da70jmtbwpiws.cloudfront.net/Yashie The Kid - Zolandila (Prod by STML).mp3
Arasi,DanceHall,2023,Malinga,Dj Sley,https://da70jmtbwpiws.cloudfront.net/Malinga Arasi.jpg,https://da70jmtbwpiws.cloudfront.net/3.Malinga - Arasi (Prod by DJ Sley).mp3
Alamu Anu,Amapiano,2023,NyasaPiano x Zeze Kingston,NyasaPiano & Homeland City Ent.,https://da70jmtbwpiws.cloudfront.net/Nyasapiano x Zeze Kingston Alamu Anu-min.jpg,https://da70jmtbwpiws.cloudfront.net/2.Nyasapiano x Zeze Kingston - Alamu Anu.mp3
Ndalama,Afro/HipHop,2023,Born Harder,Jeremy Okay,https://da70jmtbwpiws.cloudfront.net/Born Harder Ndalama-min.jpg,https://da70jmtbwpiws.cloudfront.net/Born Harder - Ndalama (Prod by Jeremy Okay).mp3
Duwa,Afro Dancehall,2023,Eli Njuchi,Tricky Beats,https://da70jmtbwpiws.cloudfront.net/Eli Njuchi Duwa.png,https://da70jmtbwpiws.cloudfront.net/Eli Njuchi - Duwa.mp3
Konda,Afro/RnB,2023,Fio Music,Yung Star,https://da70jmtbwpiws.cloudfront.net/Fio Music Konda-min.jpg,"https://da70jmtbwpiws.cloudfront.net/Fio Music - Konda (Prod by Yung Star).mp3"
Njee,DanceHall,2023,Chizmo Sting,Cuff-B & General Chicha,https://da70jmtbwpiws.cloudfront.net/Chizmo Sting Njee.jpg,https://da70jmtbwpiws.cloudfront.net/8.Chizmo Sting - Njee (Prod by Cuff-B & General Chicha).mp3
Tina,HipHop,2023,Phyzix feat Bee Jay & Ace Jizzy,BFB,https://da70jmtbwpiws.cloudfront.net/Phyzix feat Bee Jay & Ace Jizzy - Tina.jpg,https://da70jmtbwpiws.cloudfront.net/4.Phyzix feat Bee Jay & Ace Jizzy - Tina (Prod by BFB).mp3
Charo,HipHop/Trap,2023,C Wimz,Nic Nather & Depo,https://da70jmtbwpiws.cloudfront.net/C Wimz Charo-min.jpg,https://da70jmtbwpiws.cloudfront.net/C Wimz - Charo (Prod by Nic Nather & Depo).mp3
Mpanda,Trap,2023,"Quest feat Spyral, Mellz, Blakjak & Guntolah",Beat Bear & Martin Anjelz,"https://da70jmtbwpiws.cloudfront.net/Quest feat Spyral, Mellz, Blakjak & Guntolah Mpanda.jpg","https://da70jmtbwpiws.cloudfront.net/Quest feat Spyral, Mellz, Blakjak & Guntolah - Mpanda (Prod by Beat Bear & Martin Anjelz).mp3"
Because Of You,HipHop/Trap,2023,Xuise,Keotic,https://da70jmtbwpiws.cloudfront.net/Xuise Because of You-min.png,https://da70jmtbwpiws.cloudfront.net/Xuise - Because Of You (Prod by Keotic).mp3
Muchire,Hip-Hop/Fussion,2023,Martse feat Neo Metalz & Brown Key,Chawa Beats,https://da70jmtbwpiws.cloudfront.net/Martse feat Neo Metalz & Brown Key Muchire-min.jpg,https://da70jmtbwpiws.cloudfront.net/Martse feat Neo Metalz & Brown Key - Muchire (Prod by Chawa Beats).mp3
Chule,Amapiano,2023,Zeze Kingston x Afana Ceez x Tuno x Leumas x VJ Ice,Leumas,https://da70jmtbwpiws.cloudfront.net/Zeze Kingtson x Afana Ceez x Tuno x Leumas x VJ Ice Chule.jpg,https://da70jmtbwpiws.cloudfront.net/Zeze Kingston x Afana Ceez x Tuno x Leumas x VJ Ice - Chule (Prod by Leumas).mp3
Chuma,Afro Fusion,2023,Jay Tway,OD,https://da70jmtbwpiws.cloudfront.net/Jay Tway Chuma.jpg,https://da70jmtbwpiws.cloudfront.net/Jay Tway - Chuma (Prod by OD).mp3
Riziki ,Kwaito,2023,Papa Juxy x Guntolah ,Mackey Beats & Juxy,https://da70jmtbwpiws.cloudfront.net/Papa Juxy x Guntolah Riziki.jpg,https://da70jmtbwpiws.cloudfront.net/Papa Juxy x Guntolah - Riziki (Prod by Mackey Beats & Juxy).mp3
Dear CHH,Gospel Hiphop,2023,Beuce Africa,Manifest,https://da70jmtbwpiws.cloudfront.net/Beuce Africa Dear CHH.jpg,https://da70jmtbwpiws.cloudfront.net/Beuce Africa - Dear CHH (Prod by Manifest).mp3
Kupe,AfroPop,2023,Pop Young,Tricky Beats & Nator21,https://da70jmtbwpiws.cloudfront.net/Pop Young Love Ticket EP.jpg,https://da70jmtbwpiws.cloudfront.net/1. Pop Young - Kupe.mp3
Tamvera,New Wave/Trap,2023,KwemoGoon 265,Kwemo In The Mix,https://da70jmtbwpiws.cloudfront.net/KwemoGoon 265 - Tamvera-min.jpg,https://da70jmtbwpiws.cloudfront.net/KwemoGoon 265 - Tamvera (Prod by Kwemo In The Mix).mp3
Onse,Dancehall,2023,Spark,Yacksy,https://da70jmtbwpiws.cloudfront.net/Spark Onse.jpg,https://da70jmtbwpiws.cloudfront.net/Spark - Onse (Prod by Yacksy).mp3
Kwachema,Drill,2023,Afana Ceez,Leumas,https://da70jmtbwpiws.cloudfront.net/Afana Ceez Kingpin EP art.jpg,https://da70jmtbwpiws.cloudfront.net/Afana Ceez - Kwachema .mp3
Pamajiga,Rap/Hiphop,2023,Martse feat SevenOMore,Henwood,https://da70jmtbwpiws.cloudfront.net/Martse Pamajiga.jpg,https://da70jmtbwpiws.cloudfront.net/Martse feat SevenOMore - Pamajiga (Prod by Henwood).mp3
Zabodza,HipHop,2023,Juju Matrix & Inno BlaQ265,ChuxTpat$ePlan & Veda,https://da70jmtbwpiws.cloudfront.net/Juju Matrix & Inno BlaQ265 Zabodza.jpg,https://da70jmtbwpiws.cloudfront.net/Juju Matrix & Inno BlaQ265 - Zabodza (Prod by ChuxTpat$ePlan & Veda).mp3
Chekera,AfroBeats/Rap,2023,Phyzix feat Gibo Pearson,Sameface Beatz & Stich Fray,https://da70jmtbwpiws.cloudfront.net/Phyzix feat Gibo Pearson Chekera.jpg,https://da70jmtbwpiws.cloudfront.net/Phyzix feat Gibo Pearson - Chekera (Prod by Sameface Beatz & Stich Fray).mp3
Allegik,Afrobeat,2023,Onesimus,Dj Meg,https://da70jmtbwpiws.cloudfront.net/Allegik.jpeg,https://da70jmtbwpiws.cloudfront.net/Onesimus - Allegik.mp3
Siza Aliyense,Dancehall,2023,Di Badder featuring Squawk20Three,Manito,https://da70jmtbwpiws.cloudfront.net/Di Badder featuring Squawk20Three Siza Aliyense.jpg,https://da70jmtbwpiws.cloudfront.net/Di Badder featuring Squawk20Three - Siza Aliyense (Prod by Manito).mp3
Born Fi Di Dance,Dancehall,2023,Mdzodzo Khomerah x Mdzodzo Carnip,Kauden & Macia,https://da70jmtbwpiws.cloudfront.net/Mdzodzo Khomerah x Mdzodzo Carnip Born Fi Di Dance.jpg,https://da70jmtbwpiws.cloudfront.net/Mdzodzo Khomerah x Mdzodzo Carnip - Born Fi Di Dance (Prod by Kauden & Macia).mp3
Yearo,AfroBeats,2023,Ty Fire x Comprych,Chawa Beats,https://da70jmtbwpiws.cloudfront.net/Ty Fire x Comprych Yearo.jpg,https://da70jmtbwpiws.cloudfront.net/Ty Fire x Comprych - Yearo (Prod by Chawa Beats).mp3
Mbambande,Trap,2023,Gvstavo,Big Jay,https://da70jmtbwpiws.cloudfront.net/Gvstavo Gang Mbambande.jpg,https://da70jmtbwpiws.cloudfront.net/Gvstavo - Mbambande (Prod by Big Jay).mp3
Tsogolo,Trap Dancehall,2023,Queesy,Mcee & Crux,https://da70jmtbwpiws.cloudfront.net/Quessy Tsogolo-min.jpg,https://da70jmtbwpiws.cloudfront.net/Queesy - Tsogolo (Prod by Mcee & Crux).mp3
The Other Side,Fussion,2023,Desert Igwe,Desert Igwe,https://da70jmtbwpiws.cloudfront.net/Desert Igwe The Other Side.jpg,https://da70jmtbwpiws.cloudfront.net/Desert Igwe - The Other Side (Prod by Desert Igwe).mp3
Kuche Kuche,Amapiano,2023,Spyral Mwenya feat VJ Ice & Africa The DJ,Gusto & ZeroOneFive,https://da70jmtbwpiws.cloudfront.net/Spyral Mwenya feat VJ Ice & Africa The DJ Kuche Kuche.jpg,https://da70jmtbwpiws.cloudfront.net/Spyral Mwenya feat VJ Ice & Africa The DJ - Kuche Kuche (Prod by Gusto & ZeroOneFive).mp3
Nena,AfroBeats,2023,R Jai ,Fadoum,https://da70jmtbwpiws.cloudfront.net/R Jai Nena-min.jpg,https://da70jmtbwpiws.cloudfront.net/R Jai - Nena (Prod by Fadoum).mp3
Uzisiya Wekha,Amapiano,2023,"Tonicity, ChuxTpat$ePlan feat Phrey Willz & Eustice",Toni City,https://da70jmtbwpiws.cloudfront.net/ChuxTpat$ePlan feat Phrey Willz & Eustice Uzisiya.jpg,https://da70jmtbwpiws.cloudfront.net/ChuxTpat$ePlan feat Phrey Willz & Eustice - Uzisiya Wekha (Prod by Toni City).mp3
Yabaya,Afro,2023,Eli Njuchi feat Yo Maps,"Tricky Beats, J Mas & Sispence",https://da70jmtbwpiws.cloudfront.net/Eli Njuchi feat Yo Maps Yabaya.png,"https://da70jmtbwpiws.cloudfront.net/Eli Njuchi feat Yo Maps - Yabaya (Prod by Tricky Beats, J Mas & Sispence).mp3"
Motumbwa,Hip-Hop,2023,Same Cris,Gonos,https://da70jmtbwpiws.cloudfront.net/Same Cris Motumbwa.jpg,https://da70jmtbwpiws.cloudfront.net/Same Cris - Motumbwa (Prod by Gonos).mp3
Strong'ong'o,Afrobeats,2023,Zamau,Dynamo & Higrammes,https://da70jmtbwpiws.cloudfront.net/Zamau Strong'ong'o.jpg,https://da70jmtbwpiws.cloudfront.net/Zamau - Strong'ong'o (Prod by Dynamo & Higrammes).mp3
BBC Remix,HipHop,2023,Henry Czar feat Zonke x Ace Jizzy x Bee Jay x Em Zibry,DJ Brown,https://da70jmtbwpiws.cloudfront.net/Henry Czar x Zonke x Ace Jizzy x Bee Jay x Em Zibry BBC Remix.jpg,https://da70jmtbwpiws.cloudfront.net/Henry Czar feat Zonke x Ace Jizzy x Bee Jay x Em Zibry - BBC Remix (Prod by DJ Brown).mp3
Zikuti Bwanji,AfroBeat,2023,Tygon Lessah,Tygon,https://da70jmtbwpiws.cloudfront.net/Tygon Lessah Zikuti-min.jpg,https://da70jmtbwpiws.cloudfront.net/Tygon Lessah - Zikuti Bwanji (Prod by Tygon).mp3
Ngini,Afro Dancehall,2023,Chibelekelo,DJ Langie,https://da70jmtbwpiws.cloudfront.net/Chibelekelo Ngini.jpg,https://da70jmtbwpiws.cloudfront.net/Chibelekelo - Ngini (Prod by DJ Langie).mp3
With,Afro Dancehall,2023,Finah Mapira,Dj OK,https://da70jmtbwpiws.cloudfront.net/Finah Mapira With.jpg,https://da70jmtbwpiws.cloudfront.net/Finah Mapira - With (Prod by DJ OK).mp3
Kwacha,Afro Pop,2023,Joe Kellz,Sispence,https://da70jmtbwpiws.cloudfront.net/Joe Kellz Kwacha.jpg,https://da70jmtbwpiws.cloudfront.net/Joe Kellz - Kwacha (Prod by Sispence).mp3
G.O.A.T,DanceHall,2023,Lazy B,M Cee & Mexy Beats,https://da70jmtbwpiws.cloudfront.net/Lazy B G.O.A.T-min.jpg,https://da70jmtbwpiws.cloudfront.net/Lazy B - G.O.A.T (Prod by M Cee & Mexy Beats).mp3
Faya,Afro Dancehall,2023,Jay Jay Cee feat. Bunny,Zephy Oldies,https://da70jmtbwpiws.cloudfront.net/Jay Jay Cee featuring Bunny Faya-min.jpg,https://da70jmtbwpiws.cloudfront.net/Jay Jay Cee featuring Bunny - Faya (Prod by Zephy Oldies).mp3
Palibe,Afro Dancehall,2023,Dada Morer ,,https://da70jmtbwpiws.cloudfront.net/Dada Morer Palibe.jpg,https://da70jmtbwpiws.cloudfront.net/Dada Morer - Palibe (Prod by S Nay).mp3
Runaway,Afro Pop,2023,Zacio Mw , DK Media House,https://da70jmtbwpiws.cloudfront.net/Zacio Mw Runaway.jpg,https://da70jmtbwpiws.cloudfront.net/Zacio Mw - Runaway (Prod by DK Media House).mp3
Ukanandiziwa Kaye,AfroBeats,2023,Guntolah,Jeydak,https://da70jmtbwpiws.cloudfront.net/Guntolah Ukanandiziwa Kaye-min.jpg,https://da70jmtbwpiws.cloudfront.net/Guntolah - Ukanandiziwa Kaye (Prod by Jeydak).mp3
 Last Option,Dancehall,2023,Captain Shaka feat Kay Stevoh,Big Dawg,https://da70jmtbwpiws.cloudfront.net/Captain Shaka feat Kay Stevoh Last Option.jpg,https://da70jmtbwpiws.cloudfront.net/Captain Shaka feat Kay Stevoh Last Option.jpg
Macheza,Trap,2023,Mic Mash,Mic Mash,https://da70jmtbwpiws.cloudfront.net/Mic Mash Macheza.jpg,https://da70jmtbwpiws.cloudfront.net/Mic Mash - Macheza.mp3
Mupangeni Post,Drill,2023,Heji Mw feat Mwanache & Yashie The Kid,STML & Viun,https://da70jmtbwpiws.cloudfront.net/Heji Mw feat Mwanache & Yashie The Kid Mupangeni Post.jpg,https://da70jmtbwpiws.cloudfront.net/Heji Mw feat Mwanache & Yashie The Kid - Mupangeni Post (Prod by STML & Viun).mp3
Fast Fast,HipHop,2023,Ace Jizzy & Bee Jay,BFB & Daredevilz,https://da70jmtbwpiws.cloudfront.net/Ace Jizzy & Bee Jay Fast Fast.jpg,https://da70jmtbwpiws.cloudfront.net/Ace Jizzy & Bee Jay - Fast Fast (Prod by BFB & Daredevilz).mp3
Only You,Dancehall,2023,Eustice,Bensam Entertainment,https://da70jmtbwpiws.cloudfront.net/Eustice Only You.jpg,https://da70jmtbwpiws.cloudfront.net/Eustice - Only You.mp3
Ndanzanga,House,2023,Starnel Mon,Starnel Mon,https://da70jmtbwpiws.cloudfront.net/Starnel Mon Ndanzanga.png,https://da70jmtbwpiws.cloudfront.net/Starnel Mon - Ndanzanga (Prod by Starnel Mon).mp3
Zikomo ,Afro Dancehall,2023,Kapadocia,Macia,https://da70jmtbwpiws.cloudfront.net/Kapadocia Zikomo.jpg,https://da70jmtbwpiws.cloudfront.net/Kapadocia - Zikomo (Prod by Macia).mp3
Ii oo!!,Trap,2023,HyCee,Dynamo,https://da70jmtbwpiws.cloudfront.net/Hycee Ii oo!!.jpg,https://da70jmtbwpiws.cloudfront.net/HyCee - Ii oo!! (Prod by Dynamo).mp3
Tumeni,Amapiano,2023,Temwah featuring Tuksin SA,Unknown,https://da70jmtbwpiws.cloudfront.net/Temwah featuring Tuksin SA Tumeni.jpg,https://da70jmtbwpiws.cloudfront.net/Temwah featuring Tuksin SA - Tumeni.mp3
Level Pa Level,Amapiano,2023,Luv C, C-Kay & Noxy,https://da70jmtbwpiws.cloudfront.net/Luv C Level Pa Level.jpg,https://da70jmtbwpiws.cloudfront.net/Luv C - Level Pa Level (Prod by C-Kay & Noxy).mp3
Mission,HipHop,2023,King Tuzi feat. Quest,Trappy Beats,https://da70jmtbwpiws.cloudfront.net/King Tuzi feat Quest Mission.jpg,https://da70jmtbwpiws.cloudfront.net/King Tuzi feat Quest - Mission (Prod by Trappy Beats).mp3
 Usamasilire,AfroBeats,2023,Max Ngwana,Viddiex Fyah & Tyro,https://da70jmtbwpiws.cloudfront.net/Max Ngwana Usamasilire.jpg,https://da70jmtbwpiws.cloudfront.net/Max Ngwana - Usamasilire (Prod by Viddiex Fyah & Tyro).mp3
Ndalama (Remix),Amapiano,2023,Trappy Beats feat Quest & Zeze Kingston ,Trappy Beats,https://da70jmtbwpiws.cloudfront.net/Trappy Beats Ndalama.jpg,https://da70jmtbwpiws.cloudfront.net/Trappy Beats feat Quest & Zeze Kingston - Ndalama (Remix).mp3
Top Skanka,Dancehall,2023,Ah Shatter feat Chargie ,G.I.B Records,https://da70jmtbwpiws.cloudfront.net/Ah Shatter feat Chargie Top Skanka-min.jpg,https://da70jmtbwpiws.cloudfront.net/Ah Shatter feat Chargie - Top Skanka (Prod by G.I.B Records).mp3
Tilimakola,Afro/Dancehall,2023,C-Wimz feat Oskanjo & Lazy B,Ley C & MCee,https://da70jmtbwpiws.cloudfront.net/C-Wimz feat Oskanjo & Lazy B Tilimakola-min.jpg,https://da70jmtbwpiws.cloudfront.net/C-Wimz feat Oskanjo & Lazy B - Tilimakola (Prod by Ley C & MCee).mp3
Ufulu,AfroBeats,2023,Wakisa James,Kenlo & Nyanda,https://da70jmtbwpiws.cloudfront.net/Wakisa James Ufulu.jpg,https://da70jmtbwpiws.cloudfront.net/Wakisa James - Ufulu (Prod by Kenlo & Nyanda).mp3
"""status""",Dancehall/Hiphop,2023,Clash D x Assurance x Wego x Jay Tee x Chell Dee x C Kay x H More x Kell Bon x Don Brown,DJ Brown & DJ Mo,"https://da70jmtbwpiws.cloudfront.net/Clash D x Assurance x Wego x Jay Tee x Chell Dee x C Kay x H More x Kell Bon x Don Brown ""status"".jpg","https://da70jmtbwpiws.cloudfront.net/Clash D x Assurance x Wego x Jay Tee x Chell Dee x C Kay x H More x Kell Bon x Don Brown - ""status"" (Prod by DJ Brown & DJ Moo).mp3"
Bwela,Afro R&B/Soul,2023,Kal-El Music ,Dr Udio,https://da70jmtbwpiws.cloudfront.net/Kal-El Music Bwela-min.jpg,https://da70jmtbwpiws.cloudfront.net/Kal-El Music - Bwela (Prod by Dr Udio).mp3
Telera,Afro-Dancehall,2023,Blaze & Fillah ,Ryan Chana,https://da70jmtbwpiws.cloudfront.net/Blaze & Fillah Telera.jpg,https://da70jmtbwpiws.cloudfront.net/Blaze & Fillah - Telera (Prod by Ryan Chana).mp3
Mwana Bullet,Afro,2023,Kid Buba , Ley C & Phantom,https://da70jmtbwpiws.cloudfront.net/Kid Buba Mwana Bullet.jpg,https://da70jmtbwpiws.cloudfront.net/Kid Buba - Mwana Bullet (Prod By Ley C & Phantom).mp3
Ndungomveka,Trap,2023,Troy Mw feat Blaq Eagle,DJ Hoodie King & Slumble,https://da70jmtbwpiws.cloudfront.net/Troy Mw feat Blaq Eagle Ndungomveka.jpg,https://da70jmtbwpiws.cloudfront.net/Troy Mw feat Blaq Eagle - Ndungomveka (Prod by DJ Hoodie King & Slumble).mp3
Tidyera ,AfroBeats,2023,Tronee,King Duda,https://da70jmtbwpiws.cloudfront.net/Tronee Tidyera-min.jpg,https://da70jmtbwpiws.cloudfront.net/Tronee - Tidyera (Prod by King Duda).mp3
Annointed,DanceHall,2023,Sean Morgan,Cuff B,https://da70jmtbwpiws.cloudfront.net/Sean Morgan Annointed-min.jpg,https://da70jmtbwpiws.cloudfront.net/Sean Morgan - Annointed (Prod by Cuff B).mp3
Kuti,Afro,2023,Provoice,C Kay,https://da70jmtbwpiws.cloudfront.net/ProVoice Kuti.jpg,https://da70jmtbwpiws.cloudfront.net/ProVoice - Kuti (Prod by C Kay).mp3
Tamutenga ,Amapiano,2023,Aidfest & Kineo,Stafa Awosh,https://da70jmtbwpiws.cloudfront.net/Aidfest & Kineo Tamutenga-min.jpg,https://da70jmtbwpiws.cloudfront.net/Aidfest & Kineo - Tamutenga (Prod by Stafa Awosh).mp3
Bill Yanga,Dancehall,2023,Malinga Mafia,Dj Sley,https://da70jmtbwpiws.cloudfront.net/Malinga Bill Yanga.jpg,https://da70jmtbwpiws.cloudfront.net/Malinga - Bill Yanga (Prod by DJ Sley).mp3
Inshallah,Afro R&B,2023,Lexa Cee, Ron Viun,https://da70jmtbwpiws.cloudfront.net/Lexa Cee Inshallah.jpg,https://da70jmtbwpiws.cloudfront.net/Lexa Cee - Inshallah (Prod by Ron Viun).mp3
Unkati,Afro Dancehall,2023,Eustice feat Blaze,Warge,https://da70jmtbwpiws.cloudfront.net/Eustice feat Blaze Unkati.jpg,https://da70jmtbwpiws.cloudfront.net/Eustice feat Blaze - Unkati (Prod by Warge).mp3
Kugwesa,Afro,2023,Lay B Salima,Okay,https://da70jmtbwpiws.cloudfront.net/Lay B Salima - Kugwetsa.jpg,https://da70jmtbwpiws.cloudfront.net/Lay B Salima - Kugwetsa (Prod by Okay).mp3
Energy Drink ,AfroBeats,2023,D Chris feat Da Elz,Magga Mw & DJ Brown,https://da70jmtbwpiws.cloudfront.net/D Chris feat Da Elz Energy Drink.jpg,https://da70jmtbwpiws.cloudfront.net/D Chris feat Da Elz - Energy Drink (Prod by Magga Mw & DJ Brown).mp3
Kwakoma Ndikunoko,Hiphop,2023,Nature Fact,The Daredevilz,https://da70jmtbwpiws.cloudfront.net/Nature Fact Kwakoma Ndikunoko-min.jpg,https://da70jmtbwpiws.cloudfront.net/Nature Fact - Kwakoma Ndikunoko (Prod by The Daredevilz).mp3
Fire ,Hiphop,2023,Jasamah,DJ Cover,https://da70jmtbwpiws.cloudfront.net/Jasamah Fire.jpg,https://da70jmtbwpiws.cloudfront.net/Jasamah - Fire (Prod by DJ Cover).mp3
Magazi,Trap,2023,Adha Yung Z,Famous,https://da70jmtbwpiws.cloudfront.net/Adha Yung Z Magazi.jpg,https://da70jmtbwpiws.cloudfront.net/Adha Yung Z - Magazi (Prod by Famous).mp3
Punch,Afro,2023,Keli Mwana P,WassaReal,https://da70jmtbwpiws.cloudfront.net/Keli Mwana P Punch.jpg,https://da70jmtbwpiws.cloudfront.net/Keli Mwana P - Punch (Prod by WassaReal).mp3
Tripper,Trap,2023,DBturnUp,Migan,https://da70jmtbwpiws.cloudfront.net/DBturnUp Tripper.jpg,https://da70jmtbwpiws.cloudfront.net/DBturnUp - Tripper (Prod by Migan).mp3
Mudyela Pansi,HipHop,2023,Achina Gattah Ase feat Dirty Flow,"Martin Anjelz, GD & Red Light Beats",https://da70jmtbwpiws.cloudfront.net/Achina Gattah Ase feat Dirty Flow Mudyela Pansi.jpg,"https://da70jmtbwpiws.cloudfront.net/Achina Gattah Ase feat Dirty Flow - Mudyela Pansi (Prod by Martin Anjelz, GD & Red Light Beats).mp3"
Wamkulu,Dancehall,2023,Jay Ting & Blasto,King Duda & Klassy,https://da70jmtbwpiws.cloudfront.net/Jay Ting & Blasto Wamkulu.jpg,https://da70jmtbwpiws.cloudfront.net/Jay Ting & Blasto - Wamkulu (Prod by King Duda & Klassy).mp3
Mtima,Dancehall,2023,Ababa Surgeant ,Stich Fray,https://da70jmtbwpiws.cloudfront.net/Ababa Surgeant Mtima-min.jpg,https://da70jmtbwpiws.cloudfront.net/Ababa Surgeant - Mtima (Prod by Stich Fray).mp3
My Place,Dancehall,2023,Chargie,Big Trump & Trim Ex,https://da70jmtbwpiws.cloudfront.net/Chargie My Place.jpg,https://da70jmtbwpiws.cloudfront.net/Chargie - My Place (Prod by Big Trump & Trim Ex).mp3
Wamkwangu,Afro Fusion,2023,Roudeezy,Sniky & Ace Tee Beats,https://da70jmtbwpiws.cloudfront.net/Roudeezy Wamkwangu.jpg,https://da70jmtbwpiws.cloudfront.net/Roudeezy - Wamkwangu (Prod by Sniky & Ace Tee Beats).mp3
Vyapachalo,AfroBeats,2023,Merchah,Chawa Beats & Del B,https://da70jmtbwpiws.cloudfront.net/Merchah Vyapachalo-2.jpg,https://da70jmtbwpiws.cloudfront.net/Merchah - Vyapachalo (Prod by Chawa Beats & Del B).mp3
Steve,Dancehall,2023,Huplex Thosa ,Landie,https://da70jmtbwpiws.cloudfront.net/Huplex Thosa Steve-min.jpg,https://da70jmtbwpiws.cloudfront.net/Huplex Thosa - Steve (Prod by Landie).mp3
Under Pressure,Dancehall,2023,Dotolo,Star Bright & Mad Yut,https://da70jmtbwpiws.cloudfront.net/Dotolo Under Pressure-min.jpg,https://da70jmtbwpiws.cloudfront.net/Dotolo - Under Pressure (Prod by Star Bright & Mad Yut).mp3
Wadzutsa Ghetto ,Christian Hihop,2023,Blessed Citizen,Sir Odilo,https://da70jmtbwpiws.cloudfront.net/Blessed Citizen Wadzutsa Ghetto-min.jpg,https://da70jmtbwpiws.cloudfront.net/Blessed Citizen - Wadzutsa Ghetto (Prod by Sir Odilo).mp3
Mwandiolotsa,Afro,2023,Faith Mussa feat. Suffix ,Faith Mussa,https://da70jmtbwpiws.cloudfront.net/Faith Mussa featuring Suffix Mwandiolotsa.jpg,https://da70jmtbwpiws.cloudfront.net/Faith Mussa featuring Suffix - Mwandiolotsa.mp3
My Business,HipHop,2023,Cozizwa feat Seven O More,Cozizwa,https://da70jmtbwpiws.cloudfront.net/Cozizwa feat Seven O More My Business.jpg,https://da70jmtbwpiws.cloudfront.net/Cozizwa feat Seven O More - My Business (Prod by Cozizwa).mp3
Zosiyana,AfroBeat,2023,PQ & Feyos feat Macia & Uchie,Cuff-B,https://da70jmtbwpiws.cloudfront.net/PQ & Feyos feat Macia & Uchie Zosiyana-min.jpg,https://da70jmtbwpiws.cloudfront.net/PQ & Feyos feat Macia & Uchie - Zosiyana (Prod by Cuff-B).mp3
Mpoko Mpoko Remix,HipHop,2023,"Ace Jizzy feat Veda Njuci, K-Banton, Kellie Divine, Bee Jay, Lady Aika, Sean Morgan & JEG",Trappy Beats & ChuxTpat$e Plan,https://da70jmtbwpiws.cloudfront.net/Ace Jizzy Mpoko Mpoko Remix.jpg,"https://da70jmtbwpiws.cloudfront.net/6.Ace Jizzy feat Veda Njuci, K-Banton, Kellie Divine, Bee Jay, Lady Aika, Sean Morgan & JEG - Mpoko Mpoko Remix (Prod by Trappy Beats & ChuxTpat$e Plan).mp3"
For You,AfroBeats,2023,Cee Gee,Mr Pac,https://da70jmtbwpiws.cloudfront.net/Cee Gee For You-min.jpg,https://da70jmtbwpiws.cloudfront.net/Cee Gee - For You (Prod by Mr Pac).mp3
Tamara,AfroBeat,2023,Troy Mw & Baby J, Ron Viun & Yoba,https://da70jmtbwpiws.cloudfront.net/Troy Mw & Baby J Tamara-min.png,https://da70jmtbwpiws.cloudfront.net/Troy Mw & Baby J - Tamara (Prod by Ron Viun & Yoba).mp3
Umwa,Amapiano,2023,Mellz Kumpanje feat Zeze Kingston x Trixie Beyank x Martin Anjelz x Zonke,Leumas & Martin Anjelz,https://da70jmtbwpiws.cloudfront.net/Mellz Kumpanje feat Zeze Kingston x Trixie Beyank x Martin Anjelz - Umwa.jpg,https://da70jmtbwpiws.cloudfront.net/Mellz Kumpanje feat Zeze Kingston x Trixie Beyank x Martin Anjelz x Zonke - Umwa (Prod by Leumas & Martin Anjelz).mp3
Vuto,HipHop,2023,QDA x Risky Oganja x Thizzy x Afron 26 x Quest, Higrames,https://da70jmtbwpiws.cloudfront.net/QDA x Risky Oganja x Thizzy x Afron 26 x Quest Vuto.jpg,https://da70jmtbwpiws.cloudfront.net/QDA x Risky Oganja x Thizzy x Afron 26 x Quest - Vuto (Prod by Higrames).mp3
Nah Worry,AfroBeats,2023,Ainno Busy, Nic Nather,https://da70jmtbwpiws.cloudfront.net/Ainno Busy Nah Worry.jpg,https://da70jmtbwpiws.cloudfront.net/Ainno Busy - Nah Worry (Prod by Nic Nather).mp3
Ndinu Nomwe,Afro Pop,2023,Masai,LeMe & Veda Beats,https://da70jmtbwpiws.cloudfront.net/Masai Ndinu Nomwe.jpg,https://da70jmtbwpiws.cloudfront.net/Masai - Ndinu Nomwe (Prod by LeMe & Veda Beats).mp3
Gangster,Afro Fusion,2023,Wangakid GTS,OD,https://da70jmtbwpiws.cloudfront.net/Wangakid GTS.jpg,https://da70jmtbwpiws.cloudfront.net/Wangakid GTS - Gangster (Prod by OD).mp3
Tayima,HipHop,2023,Third Eye & Martin Anjelz featuring Janta,Martin Anjelz,https://da70jmtbwpiws.cloudfront.net/Third Eye & Martin Anjelz feat Janta Tayima.jpg,https://da70jmtbwpiws.cloudfront.net/Third Eye & Martin Anjelz featuring Janta - Tayima (Prod by Martin Anjelz).mp3
Greedy Man,Afro Dancehall,2023,Jam Bwouy, Cornel Beats,https://da70jmtbwpiws.cloudfront.net/Jam Bwouy Greedy Man.jpg,https://da70jmtbwpiws.cloudfront.net/Jam Bwouy - Greedy Man (Prod by Cornel Beats).mp3
On Fire,Amapiano,2023,Jillz x Wapkid,Jillz,https://da70jmtbwpiws.cloudfront.net/Jillz x Wapkid On Fire.jpg,https://da70jmtbwpiws.cloudfront.net/Jillz x Wapkid - On Fire (Prod by Jillz).mp3
Offside,Dancehall,2023,Don Gogo x Don Kago ,Yacksy Joker,https://da70jmtbwpiws.cloudfront.net/Don Gogo x Don Kago Offside.jpg,https://da70jmtbwpiws.cloudfront.net/Don Gogo x Don Kago - Offside (Prod by Yacksy Joker).mp3.mp3
Adha Bwana,Amapiano,2023,Nofix The DJ x DJ Nathan Tunes & Java,King Duda x Nofix The DJ,https://da70jmtbwpiws.cloudfront.net/Nofix The DJ x DJ Nathan Tunes & Java Adha Bwana.jpg,https://da70jmtbwpiws.cloudfront.net/Nofix The DJ x DJ Nathan Tunes & Java - Adha Bwana (Prod by King Duda x Nofix The DJ).mp3
Timing ,Trap,2023,Bel P,Stafa Awosh,https://da70jmtbwpiws.cloudfront.net/Bel P Timing.jpg,https://da70jmtbwpiws.cloudfront.net/Bel P - Timing (Prod by Stafa Awosh).mp3
Woko,AfroPop,2023,Pop Young feat. Gwamba,Taktic,https://da70jmtbwpiws.cloudfront.net/Pop Young Love Ticket EP.jpg,https://da70jmtbwpiws.cloudfront.net/2. Pop Young - Woko featuring Gwamba.mp3
Munditenga,Amapiano,2023,Leumas x Richard Billy x DJ Happ,Leumas & VJ Ice,https://da70jmtbwpiws.cloudfront.net/VJ Ice x Tuno feat Leumas x Richard Billy x DJ Happy Munditenga.jpg,https://da70jmtbwpiws.cloudfront.net/VJ Ice x Tuno feat Leumas x Richard Billy x DJ Happy - Munditenga (Prod by Leumas & VJ Ice).mp3
Osamandiyesa,Afro Drill,2023,Macelba,Macelba,https://da70jmtbwpiws.cloudfront.net/Macelba Osamandiyesa.jpg,https://da70jmtbwpiws.cloudfront.net/Macelba - Osamandiyesa.mp3
Azipsya,Afro-Pop,2023,Forbra Vybz ,Forbra Vybz ,https://da70jmtbwpiws.cloudfront.net/Forbra Vybz Azipsya Mtima.jpg,https://da70jmtbwpiws.cloudfront.net/Forbra Vybz - Azipsya Mtima (Prod by Forbra Vybz).mp3
Kalira Mandede,Amapiano,2023,V3nja,Xhigo,https://da70jmtbwpiws.cloudfront.net/V3nja Kalira Mandede-min.jpg,https://da70jmtbwpiws.cloudfront.net/V3nja - Kalira Mandede (Prod by Xhigo).mp3
Nthawi,Trap,2023,Risky Oganja x Afron 26 x QDA x Thizzy,Higrammes,https://da70jmtbwpiws.cloudfront.net/Risky Oganja x Afron 26 x QDA x Thizzy Nthawi.jpg,https://da70jmtbwpiws.cloudfront.net/Risky Oganja x Afron 26 x QDA x Thizzy - Nthawi (Prod by Higrammes).mp3
Malonje,HipHop,2023,Tadala,The Daredevilz & ChuxTpat$ePlan,https://da70jmtbwpiws.cloudfront.net/Tadala Malonje.jpg,https://da70jmtbwpiws.cloudfront.net/Tadala - Malonje (Prod by The Daredevilz & ChuxTpat$ePlan).mp3
Bokana,AfroBeat,2023,Malimba,Stafa Awosh,https://da70jmtbwpiws.cloudfront.net/Malimba Bokana-min.jpg,https://da70jmtbwpiws.cloudfront.net/Malimba - Bokana (Prod by Stafa Awosh).mp3
Hawaii,HipHop,2023,Charisma & Quest,Unknown,https://da70jmtbwpiws.cloudfront.net/Charisma x Quest Hawaii.jpg,https://da70jmtbwpiws.cloudfront.net/Charisma & Quest - Hawaii.mp3
Nobody,Dancehall,2023,Desert Igwe,Desert Igwe,https://da70jmtbwpiws.cloudfront.net/Desert Igwe Nobody.png,https://da70jmtbwpiws.cloudfront.net/Desert Igwe - Nobody (Prod by Desert Igwe).mp3
Ukanene,Afro-Pop,2023,K-Jicks, King Duda,https://da70jmtbwpiws.cloudfront.net/K-Jicks Ukanene.jpg,https://da70jmtbwpiws.cloudfront.net/K-Jicks - Ukanene (Prod by King Duda).mp3
Ndiuze,Afro-Pop,2023,Trappy Beats feat Max Ngwana,Trappy Beats,https://da70jmtbwpiws.cloudfront.net/Trappy Beats feat Max Ngwana Ndiuze.jpg,https://da70jmtbwpiws.cloudfront.net/Trappy Beats feat Max Ngwana - Ndiuze (Prod by Trappy Beats).mp3
Mphaka,Amapiano,2023,Zeze Kingston x LeuMas feat. Achina Gattah Aise x DJ Drew x Richard Billy,Leumas,https://da70jmtbwpiws.cloudfront.net/Zeze Kingston x Leumas feat Acina Gattah Aise x DJ Drew x Richard Billy Mphaka.jpg,https://da70jmtbwpiws.cloudfront.net/Zeze Kingston x LeuMas feat. Achina Gattah Aise x DJ Drew x Richard Billy - Mphaka (Prod by Leumas).mp3
Dale,Afro-Pop,2023,"Martin Anjelz feat Shammah Vocalz, AyCeeX & Chikondi Wiseman",Martin Anjelz,"https://da70jmtbwpiws.cloudfront.net/Martin Anjelz feat Shammah Vocalz, AyCeeX & Chikondi Wiseman Dale-min.jpg","https://da70jmtbwpiws.cloudfront.net/Martin Anjelz feat Shammah Vocalz, AyCeeX & Chikondi Wiseman - Dale (Prod by Martin Anjelz).mp3"
2023,Dancehall,2023,Lazy B ,MCee & Mexy Beats,https://da70jmtbwpiws.cloudfront.net/Lazy B 2023.jpg,https://da70jmtbwpiws.cloudfront.net/Lazy B - 2023 (Prod by MCee & Mexy Beats).mp3
Mpaka Pano,Afro-Pop,2023,M-Bizy feat Tarill , Nic Nather & Stafa Awosh,https://da70jmtbwpiws.cloudfront.net/M-Bizy feat Tarill Mpaka Kale-min.jpg,https://da70jmtbwpiws.cloudfront.net/M-Bizy feat Tarill - Mpaka Kale (Prod by Nic Nather & Stafa Awosh).mp3
Nda,HipHop,2023,Henry Czar,Dj Brown,https://da70jmtbwpiws.cloudfront.net/Henry Czar Nda-min.jpg,https://da70jmtbwpiws.cloudfront.net/Henry Czar - Nda (Prod by DJ Brown).mp3
Mphongo,Hip-Hop,2023,Riffle Dynamic,ChuxTpat$ePlan & Trappy,https://da70jmtbwpiws.cloudfront.net/Riffle Dynamic Mphongo.jpg,https://da70jmtbwpiws.cloudfront.net/Riffle Dynamic - Mphongo (Prod by ChuxTpat$ePlan & Trappy).mp3
Osama,Drill/Dancehall,2023,Sir Jent Kago,Yacksy Joker,https://da70jmtbwpiws.cloudfront.net/Sir Jent Kago Osama.jpg,https://da70jmtbwpiws.cloudfront.net/Sir Jent Kago - Osama (Prod by Yacksy Joker).mp3
Liwachi ,Afro Fussion,2023,Papah Juxy x Lomey feat. Phantasma,Big Will,https://da70jmtbwpiws.cloudfront.net/Papah Juxy x Lomey feat. Phantasma Liwachi.jpg,https://da70jmtbwpiws.cloudfront.net/Papah Juxy x Lomey feat. Phantasma - Liwachi (Prod by Big Will).mp3
Until Then,HipHop,2023,Lusaw,VQ & KND,https://da70jmtbwpiws.cloudfront.net/Lusaw Until Then.jpg,https://da70jmtbwpiws.cloudfront.net/Lusaw - Until Then (Produced by VQ & KND).mp3
Miliyoni,Trap,2023,C-Wimz, Stafa Awosh,https://da70jmtbwpiws.cloudfront.net/C-Wimz Miliyoni-min.jpg,https://da70jmtbwpiws.cloudfront.net/C-Wimz - Miliyoni (Prod by Stafa Awosh).mp3
Why So Soon (Tremour Tribute),Dancehall,2023,Don Gogo & Khili99 , Real P,https://da70jmtbwpiws.cloudfront.net/Don Gogo & Khili99 Why So Soon.jpg,https://da70jmtbwpiws.cloudfront.net/Don Gogo & Khili99 - Why So Soon (Tremour Tribute)(Prod by Real P).mp3
Adani,HipHop,2023,K-Banton feat Shammar Vocalz,Macia,https://da70jmtbwpiws.cloudfront.net/K-Banton feat Shammar Vocalz Adani.jpg,https://da70jmtbwpiws.cloudfront.net/K-Banton feat Shammar Vocalz - Adani (Prod by Macia).mp3
Angelina,Afo,2023,Lomey feat Malimba,Juxy,https://da70jmtbwpiws.cloudfront.net/Lomey feat Malimba Angelina.jpg,https://da70jmtbwpiws.cloudfront.net/Lomey feat Malimba - Angelina (Prod by Juxy).mp3
Jetty,Afro Dancehall,2023,Tarill,Nic Nather & Veda Beats,https://da70jmtbwpiws.cloudfront.net/Tarill Jetty.jpg,https://da70jmtbwpiws.cloudfront.net/Tarill - Jetty (Prod by Nic Nather & Veda Beats).mp3
Jocker,Afro/HipHop,2023,Slessor ,Martin Anjelz,https://da70jmtbwpiws.cloudfront.net/Slessor Joker.jpg,https://da70jmtbwpiws.cloudfront.net/Slessor - Joker (Prod by Martin Anjelz).mp3
Ka Moyo,HipHop,2023,Izz Mw,Chriss Andres & Faksey 808,https://da70jmtbwpiws.cloudfront.net/Izz Mw Ka Moyo.jpg,https://da70jmtbwpiws.cloudfront.net/Izz Mw - Ka Moyo (Prod by Chriss Andres & Faksey 808).mp3
Ungandiuze Chani,HipHop,2023,Khumie,Uchie,https://da70jmtbwpiws.cloudfront.net/Khumie Ungandiuze Chani.jpg,https://da70jmtbwpiws.cloudfront.net/Khumie - Ungandiuze Chani (Prod by Uchie).mp3
Siyawo,Drill,2023,Shanka 705,Ron Viun,https://da70jmtbwpiws.cloudfront.net/Shanka 705 Siyawo-min.jpg,https://da70jmtbwpiws.cloudfront.net/Shanka 705 - Siyawo (Prod by Ron Viun).mp3
Fela,Hiphop,2023,Jillz x Quest x Achina Gattah Ase,Jillz,https://da70jmtbwpiws.cloudfront.net/Jillz x Quest x Achina Gattah Ase Fela-min.png,https://da70jmtbwpiws.cloudfront.net/Jillz x Quest x Achina Gattah Ase - Fela (Prod by Jillz).mp3
Komweko,Amapiano,2023,Yashie The Kid,STML,https://da70jmtbwpiws.cloudfront.net/Yashie The Kid Komweko.jpg,https://da70jmtbwpiws.cloudfront.net/Yashie The Kid - Komweko (Prod by STML).mp3
Chiomba NKhanga,Christian Music,2023,Zyugah x Blessed Citizen x Elegant Raps,Mwanie,https://da70jmtbwpiws.cloudfront.net/Zyugah x Blssed Citizen x Elegant Raps Chiomba NKhanga-min.jpg,https://da70jmtbwpiws.cloudfront.net/Zyugah x Blessed Citizen x Elegant Raps - Chiomba NKhanga (Prod by Mwanie).mp3
Dyeredyi Trap,Trap,2023,Cyfa Steez x Tricky Barz,Gonos & Trappy Beats,https://da70jmtbwpiws.cloudfront.net/Cyfa Steez x Tricky Barz Dyeredyi Trap-min.jpg,https://da70jmtbwpiws.cloudfront.net/Cyfa Steez x Tricky Barz - Dyeredyi Trap (Prod by Gonos & Trappy Beats).mp3
Ndakwera Kwera Remix,Drill,2023,"Gaza Uno feat Yashie The Kid, Guntolah, Man G, Chain Oh, Chesper & Fresh Don",Oops & Extra Beatz,https://da70jmtbwpiws.cloudfront.net/Gaza Uno Ndakwera Kwera Remix-min.jpg,"https://da70jmtbwpiws.cloudfront.net/Gaza Uno feat Yashie The Kid, Guntolah, Man G, Chain Oh, Chesper & Fresh Don - Ndakwera Kwera Remix (Prod by Oops & Extra Beatz).mp3"
High Molalo,Afro-Dancehall,2023,Dotolo ,Starbright,https://da70jmtbwpiws.cloudfront.net/Dotolo High Molalo.jpg,https://da70jmtbwpiws.cloudfront.net/Dotolo - High Molalo (Prod by Starbright).mp3
Ulendo,Dancehall,2023,Orator,TakTic,https://da70jmtbwpiws.cloudfront.net/Orator Ulendo.jpg,https://da70jmtbwpiws.cloudfront.net/Orator - Ulendo (Prod by TakTic).mp3
Zinthu,Afro Dancehall,2023,Chibelekelo,Dj Lanjie,https://da70jmtbwpiws.cloudfront.net/Chibelekelo Zinthu-min.jpg,https://da70jmtbwpiws.cloudfront.net/Chibelekelo - Zinthu (Prod by DJ Langie).mp3
Nkhawa,Hiphop,2023,Mo Beezy feat Macia ,Macia,https://da70jmtbwpiws.cloudfront.net/Mo Beezy feat Macia Nkhawa.jpg,https://da70jmtbwpiws.cloudfront.net/Mo Beezy feat Macia - Nkhawa (Prod by Macia).mp3
Confidence Yanga,Christian Amapiano,2023,Steve Wazisomo Muliya feat Success,"Hope Cizzle, J Mass & Chawa Beats",https://da70jmtbwpiws.cloudfront.net/Steve Wazisomo Muliya feat Success Confidence Yanga.jpg,"https://da70jmtbwpiws.cloudfront.net/Steve Wazisomo Muliya feat Success - Confidence Yanga (Prod by Hope Cizzle, J Mass & Chawa Beats).mp3"
Vuto Nchiwanda,HipHop,2023,Trap Trick,Mingo,https://da70jmtbwpiws.cloudfront.net/Trap Trick Vuto Nchiwanda.jpg,https://da70jmtbwpiws.cloudfront.net/Trap Trick - Vuto Nchiwanda (Prod by Mingo).mp3
Takwiya,HipHop,2023,Zemo X-Malawi,Spectrum Radar & M Cee,https://da70jmtbwpiws.cloudfront.net/Zemo X-Malawi  Takwiya.jpg,https://da70jmtbwpiws.cloudfront.net/Zemo X-Malawi - Takwiya (Prod by Spectrum Radar & M Cee).mp3
Kaye,AfroPop,2023,Pop Young,Taktic,https://da70jmtbwpiws.cloudfront.net/Pop Young Love Ticket EP.jpg,https://da70jmtbwpiws.cloudfront.net/5. Pop Young -  Kaye (Prod by Taktic).mp3
Bata,Afro-Pop,2023,Kellie Divine,TakTic & Nyanda,https://da70jmtbwpiws.cloudfront.net/Kellie Divine Bata.jpg,https://da70jmtbwpiws.cloudfront.net/Kellie Divine - Bata (Prod by TakTic & Nyanda).mp3
Ponda,Amapiano,2023,Nakali,New Kings Records,https://da70jmtbwpiws.cloudfront.net/Nakali Ponda.jpg,https://da70jmtbwpiws.cloudfront.net/Nakali - Ponda (Prod by New Kings Records).mp3
Island Setting,Dancehall,2023,Ishan Cyapital,Don Amour & Sispence,https://da70jmtbwpiws.cloudfront.net/Ishan Capital Island Settings.png,https://da70jmtbwpiws.cloudfront.net/Ishan Cyapital - Island Setting (Prod by Don Amour & Sispence).mp3
Comfort,AfroBeat,2023,Pop Young feat Gemini Major,"Nator 21, Cuff B & TakTic",https://da70jmtbwpiws.cloudfront.net/Pop Young feat Gemini Major Comfort.jpg,"https://da70jmtbwpiws.cloudfront.net/Pop Young feat Gemini Major - Comfort (Prod by Nator 21, Cuff B & TakTic).mp3"
Mzuzu Like London,Trap,2023,Mzuzu Mafia,Unknown,https://da70jmtbwpiws.cloudfront.net/Mzuzu Mafia Mzuzu Like London.jpg,https://da70jmtbwpiws.cloudfront.net/Mzuzu Mafia - Mzuzu Like London.mp3
Ulenje,HipHop,2023,Inno BlaQ & Juju Matrixx,ChuxTpat$ePlan & Klassy,https://da70jmtbwpiws.cloudfront.net/Inno BlaQ & Juju Matrixx Ulenje-min.jpg,https://da70jmtbwpiws.cloudfront.net/Inno BlaQ & Juju Matrixx - Ulenje (Prod by ChuxTpat$ePlan & Klassy).mp3
Finale & Associate Athem,HipHop,2023,Sean Grown x Romain Escobar x Hayest x Cee Praise,Uknown,https://da70jmtbwpiws.cloudfront.net/Sean Grown x Romain Escobar x Hayest x Cee Praise Finale & Associate Athem.jpg,https://da70jmtbwpiws.cloudfront.net/Sean Grown x Romain Escobar x Hayest x Cee Praise - Finale & Associate Athem.mp3
Mmanja Mwanu,Christian Music,2023,Tsar Leo feat Gwamba x Joe Kellz ,J-One & E-Ril,https://da70jmtbwpiws.cloudfront.net/Tsar Leo feat Gwamba x Joe Kellz Mmanja Mwanu.jpg,https://da70jmtbwpiws.cloudfront.net/Tsar Leo feat Gwamba x Joe Kellz - Mmanja Mwanu (Prod by J-One & E-Ril).mp3
Angola,Dancehall Fussion,2023,Malinga feat Dr Benedicto Wokomaatani Malunga,Uchie,https://da70jmtbwpiws.cloudfront.net/Malinga feat Dr Benedicto Wokomaatani Malunga Angola.jpg,https://da70jmtbwpiws.cloudfront.net/Malinga feat Dr Benedicto Wokomaatani Malunga - Angola (Prod by Uchie).mp3
Kokoliko,Afrobeat/Hip-Hop,2023,Mastol feat Faith Mussa & Shammah Vocals,DJ Sley,https://da70jmtbwpiws.cloudfront.net/Mastol feat Faith Mussa & Shammah Vocals Kokoliko.jpg,https://da70jmtbwpiws.cloudfront.net/Mastol feat Faith Mussa & Shammah Vocals - Kokoliko (Prod by DJ Sley).mp3
Anyakwawa,Dancehall,2023,Big Trump feat Dada Morer x Haso Jahvillan x Shaby Dem Boy,Big Trump,https://da70jmtbwpiws.cloudfront.net/Big Trump feat Dada Morer x Haso Jahvillan x Shaby Dem Boy Anyakwawa.jpg,https://da70jmtbwpiws.cloudfront.net/Big Trump feat Dada Morer x Haso Jahvillan x Shaby Dem Boy - Anyakwawa (Prod by Big Trump).mp3
Ndimazisaka,Trap,2023,M.Y The Kid,Jay Emm & Ace Tee,https://da70jmtbwpiws.cloudfront.net/M.Y The Kid Ndimazisaka.jpg,https://da70jmtbwpiws.cloudfront.net/M.Y The Kid - Ndimazisaka (Prod by Jay Emm & Ace Tee).mp3
Tidya,Dancehall,2023,Orator x Quessy x Lazy B x Ah Shatter ,M Cee,https://da70jmtbwpiws.cloudfront.net/Orator x Quessy x Lazy B x Ah Shatter Tidya.jpg,https://da70jmtbwpiws.cloudfront.net/Orator x Quessy x Lazy B x Ah Shatter - Tidya (Prod by M Cee).mp3
Samagona,Amapiano,2023,Bucci feat Temwah,DJ Fibbs,https://da70jmtbwpiws.cloudfront.net/Bucci feat Temwah Samagona.jpg,https://da70jmtbwpiws.cloudfront.net/Bucci feat Temwah - Samagona (Prod by DJ Fibbs).mp3
Kulikulu Remix,Dancehall,2023,"Kauden feat Kellie Divine, Carnip Mdzodzo, Khomerah Mdzodzo, Dirty Flo, K-Banton, King Chambiecco & Chargie ",Kauden & King Duda,https://da70jmtbwpiws.cloudfront.net/Kauden Kulikulu Remix-min.jpg,"https://da70jmtbwpiws.cloudfront.net/Kauden feat Kellie Divine, Carnip Mdzodzo, Khomerah Mdzodzo, Dirty Flo, K-Banton, King Chambiecco & Chargie - Kulikulu Remix (Prod by Kauden & King Duda).mp3"
Onsewa,R&B,2023,Man G feat Fresh Don, Oops,https://da70jmtbwpiws.cloudfront.net/Man G feat Fresh Don - Onsewa-min.jpg,https://da70jmtbwpiws.cloudfront.net/Man G feat Fresh Don - Onsewa (Prod by Oops).mp3
Noise Maker,Trap/Dancehall,2023,Merder Zack x King Dolar x Lord GaGa,T Fresh,https://da70jmtbwpiws.cloudfront.net/Merder Zack x King Dolar x Lord GaGa Noise Maker-min.jpg,https://da70jmtbwpiws.cloudfront.net/Merder Zack x King Dolar x Lord GaGa - Noise Maker (Prod by T Fresh).mp3
Your Mama,Afro Dancehall,2023,Lady Aika, DJ Sley & Veda Beats,https://da70jmtbwpiws.cloudfront.net/Lady Aika Your Mama-min.jpg,https://da70jmtbwpiws.cloudfront.net/Lady Aika - Your Mama (Prod by DJ Sley & Veda Beats).mp3
Bang After Bang,Dancehall,2023,General Waxy feat Blackafella x Born Chriss, Ndolman,https://da70jmtbwpiws.cloudfront.net/General Waxy feat Blackafella x Born Chriss Bang After Bang-min.jpg,https://da70jmtbwpiws.cloudfront.net/General Waxy feat Blackafella x Born Chriss - Bang After Bang (Prod by Ndolman).mp3
Badmind & Jealous,Dancehall,2023,Ababa Surgeant, Stich Fray & DJ Savie,https://da70jmtbwpiws.cloudfront.net/Ababa Surgeant Badmind & Jealous-min.jpg,https://da70jmtbwpiws.cloudfront.net/Ababa Surgeant - Badmind & Jealous (Prod by Stich Fray & DJ Savie).mp3
Dongo,Dancehall,2023,"Gaspar Golilo feat Ah Govah, Luc V & Comrade Tamunyata ",Zupah,"https://da70jmtbwpiws.cloudfront.net/Gaspar Golilo feat Ah Govah, Luc V & Comrade Tamunyata Dongo-min.jpg","https://da70jmtbwpiws.cloudfront.net/Gaspar Golilo feat Ah Govah, Luc V & Comrade Tamunyata - Dongo (Prod by Zupah).mp3"
Confusion,Afro Dancehall,2023,Captain Shaka feat Don Levo,Big Dawg,https://da70jmtbwpiws.cloudfront.net/Captain Shaka feat Don Levo Confussion.jpg,https://da70jmtbwpiws.cloudfront.net/Captain Shaka feat Don Levo - Confusion (Prod by Big Dawg).mp3
Moyo,Dancehall,2023,Orator,G.I.B Records,https://da70jmtbwpiws.cloudfront.net/Orator Moyo.jpg,https://da70jmtbwpiws.cloudfront.net/Orator - Moyo (Prod by G.I.B Records).mp3
Salome,Afro-Pop/Hiphop,2023,Lil Shy feat Guntolah,Oops,https://da70jmtbwpiws.cloudfront.net/Lil Shy feat Guntolah Salome-min.jpg,https://da70jmtbwpiws.cloudfront.net/Lil Shy feat Guntolah - Salome (Prod by Oops).mp3
Taken,Dancehall,2023,Finah Mapira, DJ OK,https://da70jmtbwpiws.cloudfront.net/Finah Mapira Taken.jpg,https://da70jmtbwpiws.cloudfront.net/Finah Mapira - Taken (Prod by DJ OK).mp3
Ayi,Amapiano,2023,Shats feat Glyn,Shats,https://da70jmtbwpiws.cloudfront.net/Shats feat Glyn Ayi.jpg,https://da70jmtbwpiws.cloudfront.net/Shats feat Glyn - Ayi (Prod by Shats).mp3
Cross,Amapiano,2023,Trixie Beyank,Jeremy & Veda Beats,https://da70jmtbwpiws.cloudfront.net/,https://da70jmtbwpiws.cloudfront.net/Trixie Beyank - Cross (Prod by Jeremy & Veda Beats).mp3
Hapaaa,AfroBeats,2023,Yangtse,Stafa Awosh & Eio Kae Dee,https://da70jmtbwpiws.cloudfront.net/Yangtse Hapaaa-min.jpg,https://da70jmtbwpiws.cloudfront.net/Yangtse - Hapaaa (Prod by Stafa Awosh & Eio Kae Dee).mp3
Far Away,AfroPop,2023, Pop Young feat. Malinga,Taktic & Nyanda,https://da70jmtbwpiws.cloudfront.net/Pop Young Love Ticket EP.jpg,https://da70jmtbwpiws.cloudfront.net/3. Pop Young - Far Away featuring Malinga (Prod by Taktic & Nyanda).mp3
Anzanu,Amapiano,2023,Aidfest & Kineo x Zeze Kingston feat Leumas & Richard Billy,Leumas & Richard Billy,https://da70jmtbwpiws.cloudfront.net/Aidfest & Kineo x Zeze Kingston feat Leumas & Richard Billy Anzanu.jpg,https://da70jmtbwpiws.cloudfront.net/Aidfest & Kineo x Zeze Kingston feat Leumas & Richard Billy - Anzanu (Prod by Leumas & Richard Billy).mp3
Mpepala,HipHop,2023,ILL Mind feat Ace Aise & Nitrix ,DJ OK,https://da70jmtbwpiws.cloudfront.net/ILL Mind feat Ace Aise & Nitrix Mpepala.jpg,https://da70jmtbwpiws.cloudfront.net/ILL Mind feat Ace Aise & Nitrix - Mpepala (Prod by DJ OK).mp3
Mwantinti,HipHop,2023,Phyzix feat Teddy Makadi & Pon G ,"Ghostly, Drexxi, Ze Fiasto & Pon G",https://da70jmtbwpiws.cloudfront.net/Phyzix feat Teddy Makadi & Pon G Mwantinti.jpg,"https://da70jmtbwpiws.cloudfront.net/Phyzix feat Teddy Makadi & Pon G - Mwantinti (Prod by Ghostly, Drexxi, Ze Fiasto & Pon G).mp3"
Nale,Amapiano,2023,Trappy Beats,Trappy Beats,https://da70jmtbwpiws.cloudfront.net/Trappy Beats Nale.jpg,https://da70jmtbwpiws.cloudfront.net/Trappy Beats - Nale (Prod by Trappy Beats).mp3
Chenge,AfroPop,2023,Pop Young feat. San B,Taktic,https://da70jmtbwpiws.cloudfront.net/Pop Young Love Ticket EP.jpg,https://da70jmtbwpiws.cloudfront.net/4. Pop Young - Chenge featuring San B (Prod by Taktic).mp3
Smart & Fresh,Dancehall,2023,Richie Mafia feat Octavian 265, Artse Beatz,https://da70jmtbwpiws.cloudfront.net/Richie Mafia feat Octavian 265 Smart & Fresh.jpg,https://da70jmtbwpiws.cloudfront.net/Richie Mafia feat Octavian 265 - Smart & Fresh (Prod by Artse Beatz).mp3
We Alright,HipHop,2023,Mzuzu Mafia,Zephy Oldies,https://da70jmtbwpiws.cloudfront.net/Mzuzu Mafia We Alright.png,https://da70jmtbwpiws.cloudfront.net/Mzuzu Mafia - We Alright (Prod by Zephy Oldies).mp3
Nsanje Extended Mix,Afro-Soul,2023,GrisVer feat Mazani x Rei,GrisVer,https://da70jmtbwpiws.cloudfront.net/Grisver feat Mazani x Rei Nsanje Extended Mix-min.png,https://da70jmtbwpiws.cloudfront.net/GrisVer feat Mazani x Rei - Nsanje Extended Mix.mp3
Cross Ya Bho,Dancehall,2023,Sir Barakanta x Noxiliator,Great G,https://da70jmtbwpiws.cloudfront.net/Sir Barakanta x Noxiliator Cross Ya Bho.jpg,https://da70jmtbwpiws.cloudfront.net/Sir Barakanta x Noxiliator - Cross Ya Bho (Prod by Great G).mp3
Bola,Afro Dancehall,2023,Don Brush,Taktic,https://da70jmtbwpiws.cloudfront.net/Don Brush Bola.jpg,https://da70jmtbwpiws.cloudfront.net/Don Brush - Bola (Prod by Taktic).mp3
Ndede,Dance,2023,Jeg Tellem & VJ Ice feat Monique,Blage & DJ OK,https://da70jmtbwpiws.cloudfront.net/Jeg Tellem & VJ Ice feat Monique Ndede.jpg,https://da70jmtbwpiws.cloudfront.net/Jeg Tellem & VJ Ice feat Monique - Ndede (Prod by Blage & DJ OK).mp3
Church,Afro Dancehall/Hip-hop,2023,Huplex Thossa feat Ayo Landie x Treize Jordan x Kissy,Unknown,https://da70jmtbwpiws.cloudfront.net/Huplex Thossa feat Ayo Landie x Treize Jordan x Kissy Church.jpg,https://da70jmtbwpiws.cloudfront.net/Huplex Thossa feat Ayo Landie x Treize Jordan x Kissy - Church.mp3
Ecstacy,Hiphop,2023,Gifted feat Episodz & Viddiex Fyah,Viddiex Fyah,https://da70jmtbwpiws.cloudfront.net/Gifted feat Episodz & Viddiex Fyah Ecstacy.jpg,https://da70jmtbwpiws.cloudfront.net/Gifted feat Episodz & Viddiex Fyah - Ecstacy (Prod by Viddiex Fyah).mp3
Young & Free,Afro Dancehall,2023,Sean Morgan,Cuff-B,https://da70jmtbwpiws.cloudfront.net/Sean Morgan Young & Free.jpg,https://da70jmtbwpiws.cloudfront.net/Sean Morgan - Young & Free (Prod by Cuff-B).mp3
Kusangalala,Amapiano,2023,Zeze Kingston x Leumas,Leumas,https://da70jmtbwpiws.cloudfront.net/Zeze Kingston x Leumas Kusangalala.jpg,https://da70jmtbwpiws.cloudfront.net/Zeze Kingston x Leumas - Kusangalala.mp3
Zopusa,Hiphop,2023,Third Eye & Martin Anjelz,Martin Anjelz,https://da70jmtbwpiws.cloudfront.net/Third Eye & Martin Anjelz Zopusa.jpg,https://da70jmtbwpiws.cloudfront.net/Third Eye & Martin Anjelz - Zopusa.mp3
Love Me For Life,Afro-Dancehall,2023,Ben Sam Entertainment feat Tsar Leo x Malinga x Blasto,Tricky Beats & King Duda,https://da70jmtbwpiws.cloudfront.net/Ben Sam Entertainment feat Tsar Leo x Malinga x Blasto Love Me For Life.jpg,https://da70jmtbwpiws.cloudfront.net/Ben Sam Entertainment feat Tsar Leo x Malinga x Blasto - Love Me For Life (Prod by Tricky Beats & King Duda).mp3
Ndibweza,Dancehall,2023,Chizmo Sting, Zupah & Radar,https://da70jmtbwpiws.cloudfront.net/Chizmo Sting Ndibweza-min.jpg,https://da70jmtbwpiws.cloudfront.net/Chizmo Sting - Ndibweza (Prod by Zupah & Radar).mp3
Wash & Wear ,Dancehall,2023,Veda Njucci ,Uchie,https://da70jmtbwpiws.cloudfront.net/Veda Njucci Wash & Wear.jpg,https://da70jmtbwpiws.cloudfront.net/Veda Njucci - Wash & Wear (Prod by Uchie).mp3
Anthem,Hiphop,2023,Charisma & Quest,Unknown,https://da70jmtbwpiws.cloudfront.net/Charisma x Quest Anthem.jpg,https://da70jmtbwpiws.cloudfront.net/Charisma & Quest - Anthem.mp3
WyDoMeSo,AfroBeat,2023,Onesimus,DJ Megi,https://da70jmtbwpiws.cloudfront.net/Onesimus WyDoMeSo.jpg,https://da70jmtbwpiws.cloudfront.net/Onesimus - WyDoMeSo (Prod by DJ Megi).mp3
Aah Inu (Tiyeni),HipHop,2023,Knievel Raps feat Monte Linz,Studio 24 & Darkage,https://da70jmtbwpiws.cloudfront.net/Knievel Raps feat Monte Linz Aah Inu (Tiyeni)-min.jpg,https://da70jmtbwpiws.cloudfront.net/Knievel Raps feat Monte Linz - Aah Inu (Tiyeni) (Prod by Studio 24 & Darkage).mp3
Amen,AfroBeats/Hiphop,2023,Suffix feat Chile One & Eli Njuchi,Suffix & Savage Beats,https://da70jmtbwpiws.cloudfront.net/Suffix feat Chile One & Eli Njuchi Amen.jpg,https://da70jmtbwpiws.cloudfront.net/Suffix feat Chile One & Eli Njuchi - Amen.mp3
Zisankho ,Afro R&B,2023,Harique,Gxfted,https://da70jmtbwpiws.cloudfront.net/Harique Zisankho.jpg,https://da70jmtbwpiws.cloudfront.net/Harique - Zisankho (Prod by Gxfted).mp3
Maphuzo,Drill,2023,Walycris x Nitrix x Mellz,Juxy & MZC,https://da70jmtbwpiws.cloudfront.net/Walycris x Nitrix x Mellz  Maphuzo.jpg,https://da70jmtbwpiws.cloudfront.net/Walycris x Nitrix x Mellz - Maphuzo (Prod by Juxy & MZC).mp3
Wrong Number,Afro DanceHall,2023,Di Badder feat Squawk20Three,Manito,https://da70jmtbwpiws.cloudfront.net/Di Badder featuring Squawk20Three Wrong Number-min.jpg,https://da70jmtbwpiws.cloudfront.net/Di Badder feat Squawk20Three - Wrong Number (Prod by Manito).mp3
